Nucleotide,N,Dotbracket,Reactivity,SE.k,Significant,Condition,Pknot,Crystal N,Non.cannonical.tertiary,BP
G,1,<,,,,,,1,,WC
C,2,<,,,,,,2,,WC
G,3,<,,,,,,3,,WC
G,4,<,,,,,,4,,WC
A,5,<,,,,,,5,,WC
U,6,<,,,,,,6,,WC
U,7,<,,,,,,7,,WC
U,8,.,,,,,,8,T,Non-cannonical
A,9,.,,,,,,9,T,Non-cannonical
G,10,<,,,,,,10,,WC
C,11,<,,,,,,11,,WC
U,12,<,,,,,,12,,WC
C,13,<,,,,,,13,,WC
A,14,.,,,,,,14,T,Non-cannonical
G,15,.,,,,,,15,T,Non-cannonical
U,16,.,,,,,,16,,Single stranded
U,17,.,,,,,,17,,Single stranded
G,18,.,,,,,,18,T,Non-cannonical
G,19,.,,,,,,19,T,Non-cannonical
G,20,.,,,,,,20,,Single stranded
A,21,.,,,,,,21,,Single stranded
G,22,>,,,,,,22,T,WC + Non-cannonical
A,23,>,,,,,,23,,WC
G,24,>,29.2761365804276,6.49348504285731,TRUE,WMCM,,24,,WC
C,25,>,-84.4914031836214,4.25547811371158,TRUE,WMCM,,25,,WC
G,26,.,-10.1161531541249,0.832608649464488,TRUE,WMCM,,26,T,Non-cannonical
C,27,<,-30.7143060981222,0.779948168846496,TRUE,WMCM,,27,,WC
C,28,<,-34.6422639288247,3.79268927911839,TRUE,WMCM,,28,,WC
A,29,<,28.4015635487359,1.04440281434192,TRUE,WMCM,,29,,WC
G,30,<,264.498677856569,1.90801490190087,TRUE,WMCM,,30,,WC
A,31,<,401.9466287441,6.68845610951042,TRUE,WMCM,,31,,WC
C,32,.,987.684228050064,9.15880970206084,TRUE,WMCM,,32,,Single stranded
U,33,.,1247.46262728739,7.40118928730589,TRUE,WMCM,,33,,Single stranded
G,34,.,2322.95387621653,97.0032382724365,TRUE,WMCM,,34,,Single stranded
A,35,.,548.765309915153,4.45354926000607,TRUE,WMCM,,35,,Single stranded
A,36,.,192.808803194722,2.67255865139695,TRUE,WMCM,,36,,Single stranded
G,37,.,195.601902273474,19.7120057381151,TRUE,WMCM,,37,,Single stranded
A,38,.,88.8297596861861,1.06167732486227,TRUE,WMCM,,38,,Single stranded
U,39,>,30.1363720359825,2.35808111288106,TRUE,WMCM,,39,,WC
C,40,>,-39.9286296244902,3.18249704853694,TRUE,WMCM,,40,,WC
U,41,>,-30.8445237733581,3.10749344141126,TRUE,WMCM,,41,,WC
G,42,>,45.1767771072389,2.68544948549169,TRUE,WMCM,,42,,WC
G,43,>,6.8746102637201,0.957885841509479,TRUE,WMCM,,43,,WC
A,44,.,-25.1056379149815,2.27721231968357,TRUE,WMCM,,44,T,Non-cannonical
G,45,.,-3.96232606320725,8.79051816075443,FALSE,WMCM,,45,T,Non-cannonical
G,46,.,-20.3247585935384,1.39768095529403,TRUE,WMCM,,46,T,Non-cannonical
U,47,.,-29.0386097772614,2.84795089517802,TRUE,WMCM,,47,,Single stranded
C,48,.,-45.4349290100087,5.06478039401015,TRUE,WMCM,,48,T,Non-cannonical
C,49,<,6.62642733724853,0.719040241003823,TRUE,WMCM,,49,,WC
U,50,<,-7.86633794034433,3.54587385387674,TRUE,WMCM,,50,,WC
G,51,<,79.6247109007382,0.942961044500441,TRUE,WMCM,,51,,WC
U,52,<,65.0605630722469,2.57235875279353,TRUE,WMCM,,52,,WC
G,53,<,66.7969330987519,5.79043913729617,TRUE,WMCM,,53,,WC
U,54,.,64.2553105628251,1.19716310668725,TRUE,WMCM,,54,T,Non-cannonical
U,55,.,228.273400508236,3.21304801930163,TRUE,WMCM,,55,T,Non-cannonical
C,56,.,106.926760452726,1.72740063483283,TRUE,WMCM,,56,T,Non-cannonical
G,57,.,71.9505363238383,5.0454204043122,TRUE,WMCM,,57,,Single stranded
A,58,.,-5.48967503034913,5.79647003442903,FALSE,WMCM,,58,T,Non-cannonical
U,59,.,17.9154798956696,2.74895765416179,TRUE,WMCM,,59,,Single stranded
C,60,.,46.5448809281245,0.807000276314899,TRUE,WMCM,,60,,Single stranded
C,61,>,-46.1095153995647,6.02310431454813,TRUE,WMCM,,61,,WC
A,62,>,83.5458025812238,3.32294664027556,TRUE,WMCM,,62,,WC
C,63,>,60.7693252158507,5.03456652599792,TRUE,WMCM,,63,,WC
A,64,>,120.647684061619,6.03835928528134,TRUE,WMCM,,64,,WC
G,65,>,16.5560562162547,8.55517984104187,FALSE,WMCM,,65,,WC
A,66,>,,,,,,66,,WC
A,67,>,,,,,,67,,WC
U,68,>,,,,,,68,,WC
U,69,>,,,,,,69,,WC
C,70,>,,,,,,70,,WC
G,71,>,,,,,,71,,WC
C,72,>,,,,,,72,,WC
A,73,.,,,,,,73,,Single stranded
C,74,.,,,,,,74,,Single stranded
C,75,.,,,,,,75,,Single stranded
A,76,.,,,,,,76,,Single stranded
