n,Species,Metabolites,M,Compartment,Concentration,Citation
1,Mammal iBMK,L-Glutamic acid,0.5,,63.8,"Park, J. O.; Rubin, S. A.; Xu, Y.-F.; Amador-Noguez, D.; Fan, J.; Shlomi, T.; Rabinowitz, J. D. Metabolite Concentrations, Fluxes and Free Energies Imply Efficient Enzyme Usage. Nat Chem Biol 2016, 12 (7), 482�489. https://doi.org/10.1038/nchembio.2077."
2,Mammal iBMK,L-Glutamine,0.5,,17.2,"Park, J. O.; Rubin, S. A.; Xu, Y.-F.; Amador-Noguez, D.; Fan, J.; Shlomi, T.; Rabinowitz, J. D. Metabolite Concentrations, Fluxes and Free Energies Imply Efficient Enzyme Usage. Nat Chem Biol 2016, 12 (7), 482�489. https://doi.org/10.1038/nchembio.2077."
3,Mammal iBMK,L-Aspartic acid,0.5,,14.9,"Park, J. O.; Rubin, S. A.; Xu, Y.-F.; Amador-Noguez, D.; Fan, J.; Shlomi, T.; Rabinowitz, J. D. Metabolite Concentrations, Fluxes and Free Energies Imply Efficient Enzyme Usage. Nat Chem Biol 2016, 12 (7), 482�489. https://doi.org/10.1038/nchembio.2077."
4,Mammal iBMK,UDP-GlcNAC,0.5,,8.97,"Park, J. O.; Rubin, S. A.; Xu, Y.-F.; Amador-Noguez, D.; Fan, J.; Shlomi, T.; Rabinowitz, J. D. Metabolite Concentrations, Fluxes and Free Energies Imply Efficient Enzyme Usage. Nat Chem Biol 2016, 12 (7), 482�489. https://doi.org/10.1038/nchembio.2077."
5,Mammal iBMK,L-Alanine,0.5,,6.98,"Park, J. O.; Rubin, S. A.; Xu, Y.-F.; Amador-Noguez, D.; Fan, J.; Shlomi, T.; Rabinowitz, J. D. Metabolite Concentrations, Fluxes and Free Energies Imply Efficient Enzyme Usage. Nat Chem Biol 2016, 12 (7), 482�489. https://doi.org/10.1038/nchembio.2077."
6,Mammal iBMK,L-Threonine,0.5,,6.69,"Park, J. O.; Rubin, S. A.; Xu, Y.-F.; Amador-Noguez, D.; Fan, J.; Shlomi, T.; Rabinowitz, J. D. Metabolite Concentrations, Fluxes and Free Energies Imply Efficient Enzyme Usage. Nat Chem Biol 2016, 12 (7), 482�489. https://doi.org/10.1038/nchembio.2077."
7,Mammal iBMK,Pyruvic acid,0.5,,5.88,"Park, J. O.; Rubin, S. A.; Xu, Y.-F.; Amador-Noguez, D.; Fan, J.; Shlomi, T.; Rabinowitz, J. D. Metabolite Concentrations, Fluxes and Free Energies Imply Efficient Enzyme Usage. Nat Chem Biol 2016, 12 (7), 482�489. https://doi.org/10.1038/nchembio.2077."
8,Mammal iBMK,L-Serine,0.5,,4.86,"Park, J. O.; Rubin, S. A.; Xu, Y.-F.; Amador-Noguez, D.; Fan, J.; Shlomi, T.; Rabinowitz, J. D. Metabolite Concentrations, Fluxes and Free Energies Imply Efficient Enzyme Usage. Nat Chem Biol 2016, 12 (7), 482�489. https://doi.org/10.1038/nchembio.2077."
9,Mammal iBMK,ATP,0.5,,4.67,"Park, J. O.; Rubin, S. A.; Xu, Y.-F.; Amador-Noguez, D.; Fan, J.; Shlomi, T.; Rabinowitz, J. D. Metabolite Concentrations, Fluxes and Free Energies Imply Efficient Enzyme Usage. Nat Chem Biol 2016, 12 (7), 482�489. https://doi.org/10.1038/nchembio.2077."
10,Mammal iBMK,CoA,0.5,Mitochondria,4.04,"Park, J. O.; Rubin, S. A.; Xu, Y.-F.; Amador-Noguez, D.; Fan, J.; Shlomi, T.; Rabinowitz, J. D. Metabolite Concentrations, Fluxes and Free Energies Imply Efficient Enzyme Usage. Nat Chem Biol 2016, 12 (7), 482�489. https://doi.org/10.1038/nchembio.2077."
11,Mammal iBMK,L-Glycine,0.5,,3.71,"Park, J. O.; Rubin, S. A.; Xu, Y.-F.; Amador-Noguez, D.; Fan, J.; Shlomi, T.; Rabinowitz, J. D. Metabolite Concentrations, Fluxes and Free Energies Imply Efficient Enzyme Usage. Nat Chem Biol 2016, 12 (7), 482�489. https://doi.org/10.1038/nchembio.2077."
12,Mammal iBMK,Glutathione,0.5,,3.09,"Park, J. O.; Rubin, S. A.; Xu, Y.-F.; Amador-Noguez, D.; Fan, J.; Shlomi, T.; Rabinowitz, J. D. Metabolite Concentrations, Fluxes and Free Energies Imply Efficient Enzyme Usage. Nat Chem Biol 2016, 12 (7), 482�489. https://doi.org/10.1038/nchembio.2077."
13,Mammal iBMK,N-ACN-L-aspartic acid,0.5,,2.9,"Park, J. O.; Rubin, S. A.; Xu, Y.-F.; Amador-Noguez, D.; Fan, J.; Shlomi, T.; Rabinowitz, J. D. Metabolite Concentrations, Fluxes and Free Energies Imply Efficient Enzyme Usage. Nat Chem Biol 2016, 12 (7), 482�489. https://doi.org/10.1038/nchembio.2077."
14,Mammal iBMK,Phenylpyruvic acid,0.5,,1.77,"Park, J. O.; Rubin, S. A.; Xu, Y.-F.; Amador-Noguez, D.; Fan, J.; Shlomi, T.; Rabinowitz, J. D. Metabolite Concentrations, Fluxes and Free Energies Imply Efficient Enzyme Usage. Nat Chem Biol 2016, 12 (7), 482�489. https://doi.org/10.1038/nchembio.2077."
15,Mammal iBMK,L-Isoleucine,0.5,,1.76,"Park, J. O.; Rubin, S. A.; Xu, Y.-F.; Amador-Noguez, D.; Fan, J.; Shlomi, T.; Rabinowitz, J. D. Metabolite Concentrations, Fluxes and Free Energies Imply Efficient Enzyme Usage. Nat Chem Biol 2016, 12 (7), 482�489. https://doi.org/10.1038/nchembio.2077."
16,Mammal iBMK,L-Leucine,0.5,,1.76,"Park, J. O.; Rubin, S. A.; Xu, Y.-F.; Amador-Noguez, D.; Fan, J.; Shlomi, T.; Rabinowitz, J. D. Metabolite Concentrations, Fluxes and Free Energies Imply Efficient Enzyme Usage. Nat Chem Biol 2016, 12 (7), 482�489. https://doi.org/10.1038/nchembio.2077."
17,Mammal iBMK,UTP,0.5,,1.76,"Park, J. O.; Rubin, S. A.; Xu, Y.-F.; Amador-Noguez, D.; Fan, J.; Shlomi, T.; Rabinowitz, J. D. Metabolite Concentrations, Fluxes and Free Energies Imply Efficient Enzyme Usage. Nat Chem Biol 2016, 12 (7), 482�489. https://doi.org/10.1038/nchembio.2077."
18,Mammal iBMK,diOH-ACN-P,0.5,Cytosol,1.63,"Park, J. O.; Rubin, S. A.; Xu, Y.-F.; Amador-Noguez, D.; Fan, J.; Shlomi, T.; Rabinowitz, J. D. Metabolite Concentrations, Fluxes and Free Energies Imply Efficient Enzyme Usage. Nat Chem Biol 2016, 12 (7), 482�489. https://doi.org/10.1038/nchembio.2077."
19,Mammal iBMK,UDP-glucose,0.5,,1.53,"Park, J. O.; Rubin, S. A.; Xu, Y.-F.; Amador-Noguez, D.; Fan, J.; Shlomi, T.; Rabinowitz, J. D. Metabolite Concentrations, Fluxes and Free Energies Imply Efficient Enzyme Usage. Nat Chem Biol 2016, 12 (7), 482�489. https://doi.org/10.1038/nchembio.2077."
20,Mammal iBMK,"Fructose 1,6-BP",0.5,,1.52,"Park, J. O.; Rubin, S. A.; Xu, Y.-F.; Amador-Noguez, D.; Fan, J.; Shlomi, T.; Rabinowitz, J. D. Metabolite Concentrations, Fluxes and Free Energies Imply Efficient Enzyme Usage. Nat Chem Biol 2016, 12 (7), 482�489. https://doi.org/10.1038/nchembio.2077."
21,Mammal iBMK,L-Valine,0.5,,1.51,"Park, J. O.; Rubin, S. A.; Xu, Y.-F.; Amador-Noguez, D.; Fan, J.; Shlomi, T.; Rabinowitz, J. D. Metabolite Concentrations, Fluxes and Free Energies Imply Efficient Enzyme Usage. Nat Chem Biol 2016, 12 (7), 482�489. https://doi.org/10.1038/nchembio.2077."
22,Mammal iBMK,(S)-Malic acid,0.5,,1.39,"Park, J. O.; Rubin, S. A.; Xu, Y.-F.; Amador-Noguez, D.; Fan, J.; Shlomi, T.; Rabinowitz, J. D. Metabolite Concentrations, Fluxes and Free Energies Imply Efficient Enzyme Usage. Nat Chem Biol 2016, 12 (7), 482�489. https://doi.org/10.1038/nchembio.2077."
23,Mammal iBMK,L-Proline,0.5,,1.23,"Park, J. O.; Rubin, S. A.; Xu, Y.-F.; Amador-Noguez, D.; Fan, J.; Shlomi, T.; Rabinowitz, J. D. Metabolite Concentrations, Fluxes and Free Energies Imply Efficient Enzyme Usage. Nat Chem Biol 2016, 12 (7), 482�489. https://doi.org/10.1038/nchembio.2077."
24,Mammal iBMK,L-Tyrosine,0.5,,0.938,"Park, J. O.; Rubin, S. A.; Xu, Y.-F.; Amador-Noguez, D.; Fan, J.; Shlomi, T.; Rabinowitz, J. D. Metabolite Concentrations, Fluxes and Free Energies Imply Efficient Enzyme Usage. Nat Chem Biol 2016, 12 (7), 482�489. https://doi.org/10.1038/nchembio.2077."
25,Mammal iBMK,CTP,0.5,,0.897,"Park, J. O.; Rubin, S. A.; Xu, Y.-F.; Amador-Noguez, D.; Fan, J.; Shlomi, T.; Rabinowitz, J. D. Metabolite Concentrations, Fluxes and Free Energies Imply Efficient Enzyme Usage. Nat Chem Biol 2016, 12 (7), 482�489. https://doi.org/10.1038/nchembio.2077."
26,Mammal iBMK,L-Phenylalanine,0.5,,0.84,"Park, J. O.; Rubin, S. A.; Xu, Y.-F.; Amador-Noguez, D.; Fan, J.; Shlomi, T.; Rabinowitz, J. D. Metabolite Concentrations, Fluxes and Free Energies Imply Efficient Enzyme Usage. Nat Chem Biol 2016, 12 (7), 482�489. https://doi.org/10.1038/nchembio.2077."
27,Mammal iBMK,a-ketoglutarate,0.5,,0.797,"Park, J. O.; Rubin, S. A.; Xu, Y.-F.; Amador-Noguez, D.; Fan, J.; Shlomi, T.; Rabinowitz, J. D. Metabolite Concentrations, Fluxes and Free Energies Imply Efficient Enzyme Usage. Nat Chem Biol 2016, 12 (7), 482�489. https://doi.org/10.1038/nchembio.2077."
28,Mammal iBMK,dihydro-orotate,0.5,,0.735,"Park, J. O.; Rubin, S. A.; Xu, Y.-F.; Amador-Noguez, D.; Fan, J.; Shlomi, T.; Rabinowitz, J. D. Metabolite Concentrations, Fluxes and Free Energies Imply Efficient Enzyme Usage. Nat Chem Biol 2016, 12 (7), 482�489. https://doi.org/10.1038/nchembio.2077."
29,Mammal iBMK,GTP,0.5,,0.677,"Park, J. O.; Rubin, S. A.; Xu, Y.-F.; Amador-Noguez, D.; Fan, J.; Shlomi, T.; Rabinowitz, J. D. Metabolite Concentrations, Fluxes and Free Energies Imply Efficient Enzyme Usage. Nat Chem Biol 2016, 12 (7), 482�489. https://doi.org/10.1038/nchembio.2077."
30,Mammal iBMK,Glucose 6-P,0.5,Cytosol,0.675,"Park, J. O.; Rubin, S. A.; Xu, Y.-F.; Amador-Noguez, D.; Fan, J.; Shlomi, T.; Rabinowitz, J. D. Metabolite Concentrations, Fluxes and Free Energies Imply Efficient Enzyme Usage. Nat Chem Biol 2016, 12 (7), 482�489. https://doi.org/10.1038/nchembio.2077."
31,Mammal iBMK,L-Methionine,0.5,,0.639,"Park, J. O.; Rubin, S. A.; Xu, Y.-F.; Amador-Noguez, D.; Fan, J.; Shlomi, T.; Rabinowitz, J. D. Metabolite Concentrations, Fluxes and Free Energies Imply Efficient Enzyme Usage. Nat Chem Biol 2016, 12 (7), 482�489. https://doi.org/10.1038/nchembio.2077."
32,Mammal iBMK,Citric acid,0.5,,0.584,"Park, J. O.; Rubin, S. A.; Xu, Y.-F.; Amador-Noguez, D.; Fan, J.; Shlomi, T.; Rabinowitz, J. D. Metabolite Concentrations, Fluxes and Free Energies Imply Efficient Enzyme Usage. Nat Chem Biol 2016, 12 (7), 482�489. https://doi.org/10.1038/nchembio.2077."
33,Mammal iBMK,ADP,0.5,,0.569,"Park, J. O.; Rubin, S. A.; Xu, Y.-F.; Amador-Noguez, D.; Fan, J.; Shlomi, T.; Rabinowitz, J. D. Metabolite Concentrations, Fluxes and Free Energies Imply Efficient Enzyme Usage. Nat Chem Biol 2016, 12 (7), 482�489. https://doi.org/10.1038/nchembio.2077."
34,Mammal iBMK,L-Lysine,0.5,,0.506,"Park, J. O.; Rubin, S. A.; Xu, Y.-F.; Amador-Noguez, D.; Fan, J.; Shlomi, T.; Rabinowitz, J. D. Metabolite Concentrations, Fluxes and Free Energies Imply Efficient Enzyme Usage. Nat Chem Biol 2016, 12 (7), 482�489. https://doi.org/10.1038/nchembio.2077."
35,Mammal iBMK,NAD,0.5,,0.502,"Park, J. O.; Rubin, S. A.; Xu, Y.-F.; Amador-Noguez, D.; Fan, J.; Shlomi, T.; Rabinowitz, J. D. Metabolite Concentrations, Fluxes and Free Energies Imply Efficient Enzyme Usage. Nat Chem Biol 2016, 12 (7), 482�489. https://doi.org/10.1038/nchembio.2077."
36,Mammal iBMK,Fumarate,0.5,Mitochondria,0.485,"Park, J. O.; Rubin, S. A.; Xu, Y.-F.; Amador-Noguez, D.; Fan, J.; Shlomi, T.; Rabinowitz, J. D. Metabolite Concentrations, Fluxes and Free Energies Imply Efficient Enzyme Usage. Nat Chem Biol 2016, 12 (7), 482�489. https://doi.org/10.1038/nchembio.2077."
37,Mammal iBMK,3-P-serine,0.5,,0.44,"Park, J. O.; Rubin, S. A.; Xu, Y.-F.; Amador-Noguez, D.; Fan, J.; Shlomi, T.; Rabinowitz, J. D. Metabolite Concentrations, Fluxes and Free Energies Imply Efficient Enzyme Usage. Nat Chem Biol 2016, 12 (7), 482�489. https://doi.org/10.1038/nchembio.2077."
38,Mammal iBMK,L-Histidine,0.5,,0.41,"Park, J. O.; Rubin, S. A.; Xu, Y.-F.; Amador-Noguez, D.; Fan, J.; Shlomi, T.; Rabinowitz, J. D. Metabolite Concentrations, Fluxes and Free Energies Imply Efficient Enzyme Usage. Nat Chem Biol 2016, 12 (7), 482�489. https://doi.org/10.1038/nchembio.2077."
39,Mammal iBMK,Fumarate,0.5,,0.387,"Park, J. O.; Rubin, S. A.; Xu, Y.-F.; Amador-Noguez, D.; Fan, J.; Shlomi, T.; Rabinowitz, J. D. Metabolite Concentrations, Fluxes and Free Energies Imply Efficient Enzyme Usage. Nat Chem Biol 2016, 12 (7), 482�489. https://doi.org/10.1038/nchembio.2077."
40,Mammal iBMK,3-P-D-glyceric acid,0.5,,0.375,"Park, J. O.; Rubin, S. A.; Xu, Y.-F.; Amador-Noguez, D.; Fan, J.; Shlomi, T.; Rabinowitz, J. D. Metabolite Concentrations, Fluxes and Free Energies Imply Efficient Enzyme Usage. Nat Chem Biol 2016, 12 (7), 482�489. https://doi.org/10.1038/nchembio.2077."
41,Mammal iBMK,Succinic acid,0.5,,0.352,"Park, J. O.; Rubin, S. A.; Xu, Y.-F.; Amador-Noguez, D.; Fan, J.; Shlomi, T.; Rabinowitz, J. D. Metabolite Concentrations, Fluxes and Free Energies Imply Efficient Enzyme Usage. Nat Chem Biol 2016, 12 (7), 482�489. https://doi.org/10.1038/nchembio.2077."
42,Mammal iBMK,L-Arginine,0.5,,0.255,"Park, J. O.; Rubin, S. A.; Xu, Y.-F.; Amador-Noguez, D.; Fan, J.; Shlomi, T.; Rabinowitz, J. D. Metabolite Concentrations, Fluxes and Free Energies Imply Efficient Enzyme Usage. Nat Chem Biol 2016, 12 (7), 482�489. https://doi.org/10.1038/nchembio.2077."
43,Mammal iBMK,"2,3-P-glycerate",0.5,,0.237,"Park, J. O.; Rubin, S. A.; Xu, Y.-F.; Amador-Noguez, D.; Fan, J.; Shlomi, T.; Rabinowitz, J. D. Metabolite Concentrations, Fluxes and Free Energies Imply Efficient Enzyme Usage. Nat Chem Biol 2016, 12 (7), 482�489. https://doi.org/10.1038/nchembio.2077."
44,Mammal iBMK,L-Asparagine,0.5,,0.215,"Park, J. O.; Rubin, S. A.; Xu, Y.-F.; Amador-Noguez, D.; Fan, J.; Shlomi, T.; Rabinowitz, J. D. Metabolite Concentrations, Fluxes and Free Energies Imply Efficient Enzyme Usage. Nat Chem Biol 2016, 12 (7), 482�489. https://doi.org/10.1038/nchembio.2077."
45,Mammal iBMK,Gluconic acid,0.5,,0.211,"Park, J. O.; Rubin, S. A.; Xu, Y.-F.; Amador-Noguez, D.; Fan, J.; Shlomi, T.; Rabinowitz, J. D. Metabolite Concentrations, Fluxes and Free Energies Imply Efficient Enzyme Usage. Nat Chem Biol 2016, 12 (7), 482�489. https://doi.org/10.1038/nchembio.2077."
46,Mammal iBMK,L-Tryptophan,0.5,,0.18,"Park, J. O.; Rubin, S. A.; Xu, Y.-F.; Amador-Noguez, D.; Fan, J.; Shlomi, T.; Rabinowitz, J. D. Metabolite Concentrations, Fluxes and Free Energies Imply Efficient Enzyme Usage. Nat Chem Biol 2016, 12 (7), 482�489. https://doi.org/10.1038/nchembio.2077."
47,Mammal iBMK,glyceraldehyde-3-P,0.5,Cytosol,0.141,"Park, J. O.; Rubin, S. A.; Xu, Y.-F.; Amador-Noguez, D.; Fan, J.; Shlomi, T.; Rabinowitz, J. D. Metabolite Concentrations, Fluxes and Free Energies Imply Efficient Enzyme Usage. Nat Chem Biol 2016, 12 (7), 482�489. https://doi.org/10.1038/nchembio.2077."
48,Mammal iBMK,UDP,0.5,,0.133,"Park, J. O.; Rubin, S. A.; Xu, Y.-F.; Amador-Noguez, D.; Fan, J.; Shlomi, T.; Rabinowitz, J. D. Metabolite Concentrations, Fluxes and Free Energies Imply Efficient Enzyme Usage. Nat Chem Biol 2016, 12 (7), 482�489. https://doi.org/10.1038/nchembio.2077."
49,Mammal iBMK,UDP-glucuronate,0.5,,0.0975,"Park, J. O.; Rubin, S. A.; Xu, Y.-F.; Amador-Noguez, D.; Fan, J.; Shlomi, T.; Rabinowitz, J. D. Metabolite Concentrations, Fluxes and Free Energies Imply Efficient Enzyme Usage. Nat Chem Biol 2016, 12 (7), 482�489. https://doi.org/10.1038/nchembio.2077."
50,Mammal iBMK,Fructose 6-P,0.5,Cytosol,0.0969,"Park, J. O.; Rubin, S. A.; Xu, Y.-F.; Amador-Noguez, D.; Fan, J.; Shlomi, T.; Rabinowitz, J. D. Metabolite Concentrations, Fluxes and Free Energies Imply Efficient Enzyme Usage. Nat Chem Biol 2016, 12 (7), 482�489. https://doi.org/10.1038/nchembio.2077."
51,Mammal iBMK,L-Cysteine,0.5,,0.084,"Park, J. O.; Rubin, S. A.; Xu, Y.-F.; Amador-Noguez, D.; Fan, J.; Shlomi, T.; Rabinowitz, J. D. Metabolite Concentrations, Fluxes and Free Energies Imply Efficient Enzyme Usage. Nat Chem Biol 2016, 12 (7), 482�489. https://doi.org/10.1038/nchembio.2077."
52,Mammal iBMK,Rib-5-P,0.5,,0.0783,"Park, J. O.; Rubin, S. A.; Xu, Y.-F.; Amador-Noguez, D.; Fan, J.; Shlomi, T.; Rabinowitz, J. D. Metabolite Concentrations, Fluxes and Free Energies Imply Efficient Enzyme Usage. Nat Chem Biol 2016, 12 (7), 482�489. https://doi.org/10.1038/nchembio.2077."
53,Mammal iBMK,NADH,0.5,,0.075,"Park, J. O.; Rubin, S. A.; Xu, Y.-F.; Amador-Noguez, D.; Fan, J.; Shlomi, T.; Rabinowitz, J. D. Metabolite Concentrations, Fluxes and Free Energies Imply Efficient Enzyme Usage. Nat Chem Biol 2016, 12 (7), 482�489. https://doi.org/10.1038/nchembio.2077."
54,Mammal iBMK,methylmalonic acid,0.5,,0.0726,"Park, J. O.; Rubin, S. A.; Xu, Y.-F.; Amador-Noguez, D.; Fan, J.; Shlomi, T.; Rabinowitz, J. D. Metabolite Concentrations, Fluxes and Free Energies Imply Efficient Enzyme Usage. Nat Chem Biol 2016, 12 (7), 482�489. https://doi.org/10.1038/nchembio.2077."
55,Mammal iBMK,NADPH,0.5,,0.0654,"Park, J. O.; Rubin, S. A.; Xu, Y.-F.; Amador-Noguez, D.; Fan, J.; Shlomi, T.; Rabinowitz, J. D. Metabolite Concentrations, Fluxes and Free Energies Imply Efficient Enzyme Usage. Nat Chem Biol 2016, 12 (7), 482�489. https://doi.org/10.1038/nchembio.2077."
56,Mammal iBMK,ac-serine,0.5,,0.0572,"Park, J. O.; Rubin, S. A.; Xu, Y.-F.; Amador-Noguez, D.; Fan, J.; Shlomi, T.; Rabinowitz, J. D. Metabolite Concentrations, Fluxes and Free Energies Imply Efficient Enzyme Usage. Nat Chem Biol 2016, 12 (7), 482�489. https://doi.org/10.1038/nchembio.2077."
57,Mammal iBMK,AMP,0.5,,0.0423,"Park, J. O.; Rubin, S. A.; Xu, Y.-F.; Amador-Noguez, D.; Fan, J.; Shlomi, T.; Rabinowitz, J. D. Metabolite Concentrations, Fluxes and Free Energies Imply Efficient Enzyme Usage. Nat Chem Biol 2016, 12 (7), 482�489. https://doi.org/10.1038/nchembio.2077."
58,Mammal iBMK,dCMP,0.5,,0.0371,"Park, J. O.; Rubin, S. A.; Xu, Y.-F.; Amador-Noguez, D.; Fan, J.; Shlomi, T.; Rabinowitz, J. D. Metabolite Concentrations, Fluxes and Free Energies Imply Efficient Enzyme Usage. Nat Chem Biol 2016, 12 (7), 482�489. https://doi.org/10.1038/nchembio.2077."
59,Mammal iBMK,Isocitrate,0.5,Mitochondria,0.0321,"Park, J. O.; Rubin, S. A.; Xu, Y.-F.; Amador-Noguez, D.; Fan, J.; Shlomi, T.; Rabinowitz, J. D. Metabolite Concentrations, Fluxes and Free Energies Imply Efficient Enzyme Usage. Nat Chem Biol 2016, 12 (7), 482�489. https://doi.org/10.1038/nchembio.2077."
60,Mammal iBMK,xylulose-5-phosphate,0.5,,0.0315,"Park, J. O.; Rubin, S. A.; Xu, Y.-F.; Amador-Noguez, D.; Fan, J.; Shlomi, T.; Rabinowitz, J. D. Metabolite Concentrations, Fluxes and Free Energies Imply Efficient Enzyme Usage. Nat Chem Biol 2016, 12 (7), 482�489. https://doi.org/10.1038/nchembio.2077."
61,Mammal iBMK,GDP,0.5,,0.0302,"Park, J. O.; Rubin, S. A.; Xu, Y.-F.; Amador-Noguez, D.; Fan, J.; Shlomi, T.; Rabinowitz, J. D. Metabolite Concentrations, Fluxes and Free Energies Imply Efficient Enzyme Usage. Nat Chem Biol 2016, 12 (7), 482�489. https://doi.org/10.1038/nchembio.2077."
62,Mammal iBMK,xylulose-5-phosphate,0.5,Cytosol,0.0299,"Park, J. O.; Rubin, S. A.; Xu, Y.-F.; Amador-Noguez, D.; Fan, J.; Shlomi, T.; Rabinowitz, J. D. Metabolite Concentrations, Fluxes and Free Energies Imply Efficient Enzyme Usage. Nat Chem Biol 2016, 12 (7), 482�489. https://doi.org/10.1038/nchembio.2077."
63,Mammal iBMK,acetyl-CoA,0.5,,0.0288,"Park, J. O.; Rubin, S. A.; Xu, Y.-F.; Amador-Noguez, D.; Fan, J.; Shlomi, T.; Rabinowitz, J. D. Metabolite Concentrations, Fluxes and Free Energies Imply Efficient Enzyme Usage. Nat Chem Biol 2016, 12 (7), 482�489. https://doi.org/10.1038/nchembio.2077."
64,Mammal iBMK,NADP,0.5,,0.0284,"Park, J. O.; Rubin, S. A.; Xu, Y.-F.; Amador-Noguez, D.; Fan, J.; Shlomi, T.; Rabinowitz, J. D. Metabolite Concentrations, Fluxes and Free Energies Imply Efficient Enzyme Usage. Nat Chem Biol 2016, 12 (7), 482�489. https://doi.org/10.1038/nchembio.2077."
65,Mammal iBMK,Rib-5-P,0.5,Cytosol,0.0284,"Park, J. O.; Rubin, S. A.; Xu, Y.-F.; Amador-Noguez, D.; Fan, J.; Shlomi, T.; Rabinowitz, J. D. Metabolite Concentrations, Fluxes and Free Energies Imply Efficient Enzyme Usage. Nat Chem Biol 2016, 12 (7), 482�489. https://doi.org/10.1038/nchembio.2077."
66,Mammal iBMK,GMP,0.5,,0.0181,"Park, J. O.; Rubin, S. A.; Xu, Y.-F.; Amador-Noguez, D.; Fan, J.; Shlomi, T.; Rabinowitz, J. D. Metabolite Concentrations, Fluxes and Free Energies Imply Efficient Enzyme Usage. Nat Chem Biol 2016, 12 (7), 482�489. https://doi.org/10.1038/nchembio.2077."
67,Mammal iBMK,sedoheptulose-7-phosphate,0.5,Cytosol,0.0181,"Park, J. O.; Rubin, S. A.; Xu, Y.-F.; Amador-Noguez, D.; Fan, J.; Shlomi, T.; Rabinowitz, J. D. Metabolite Concentrations, Fluxes and Free Energies Imply Efficient Enzyme Usage. Nat Chem Biol 2016, 12 (7), 482�489. https://doi.org/10.1038/nchembio.2077."
68,Mammal iBMK,Oxidized glutathione,0.5,,0.018,"Park, J. O.; Rubin, S. A.; Xu, Y.-F.; Amador-Noguez, D.; Fan, J.; Shlomi, T.; Rabinowitz, J. D. Metabolite Concentrations, Fluxes and Free Energies Imply Efficient Enzyme Usage. Nat Chem Biol 2016, 12 (7), 482�489. https://doi.org/10.1038/nchembio.2077."
69,Mammal iBMK,dAMP,0.5,,0.0168,"Park, J. O.; Rubin, S. A.; Xu, Y.-F.; Amador-Noguez, D.; Fan, J.; Shlomi, T.; Rabinowitz, J. D. Metabolite Concentrations, Fluxes and Free Energies Imply Efficient Enzyme Usage. Nat Chem Biol 2016, 12 (7), 482�489. https://doi.org/10.1038/nchembio.2077."
70,Mammal iBMK,6-P-gluconic acid,0.5,,0.0165,"Park, J. O.; Rubin, S. A.; Xu, Y.-F.; Amador-Noguez, D.; Fan, J.; Shlomi, T.; Rabinowitz, J. D. Metabolite Concentrations, Fluxes and Free Energies Imply Efficient Enzyme Usage. Nat Chem Biol 2016, 12 (7), 482�489. https://doi.org/10.1038/nchembio.2077."
71,Mammal iBMK,sedoheptulose-7-phosphate,0.5,,0.0151,"Park, J. O.; Rubin, S. A.; Xu, Y.-F.; Amador-Noguez, D.; Fan, J.; Shlomi, T.; Rabinowitz, J. D. Metabolite Concentrations, Fluxes and Free Energies Imply Efficient Enzyme Usage. Nat Chem Biol 2016, 12 (7), 482�489. https://doi.org/10.1038/nchembio.2077."
72,Mammal iBMK,UMP,0.5,,0.0145,"Park, J. O.; Rubin, S. A.; Xu, Y.-F.; Amador-Noguez, D.; Fan, J.; Shlomi, T.; Rabinowitz, J. D. Metabolite Concentrations, Fluxes and Free Energies Imply Efficient Enzyme Usage. Nat Chem Biol 2016, 12 (7), 482�489. https://doi.org/10.1038/nchembio.2077."
73,Mammal iBMK,IMP,0.5,,0.0123,"Park, J. O.; Rubin, S. A.; Xu, Y.-F.; Amador-Noguez, D.; Fan, J.; Shlomi, T.; Rabinowitz, J. D. Metabolite Concentrations, Fluxes and Free Energies Imply Efficient Enzyme Usage. Nat Chem Biol 2016, 12 (7), 482�489. https://doi.org/10.1038/nchembio.2077."
74,Mammal iBMK,CMP,0.5,,0.0118,"Park, J. O.; Rubin, S. A.; Xu, Y.-F.; Amador-Noguez, D.; Fan, J.; Shlomi, T.; Rabinowitz, J. D. Metabolite Concentrations, Fluxes and Free Energies Imply Efficient Enzyme Usage. Nat Chem Biol 2016, 12 (7), 482�489. https://doi.org/10.1038/nchembio.2077."
75,Mammal iBMK,dTMP,0.5,,0.0118,"Park, J. O.; Rubin, S. A.; Xu, Y.-F.; Amador-Noguez, D.; Fan, J.; Shlomi, T.; Rabinowitz, J. D. Metabolite Concentrations, Fluxes and Free Energies Imply Efficient Enzyme Usage. Nat Chem Biol 2016, 12 (7), 482�489. https://doi.org/10.1038/nchembio.2077."
76,Mammal iBMK,P-enolpyruvate,0.5,,0.0116,"Park, J. O.; Rubin, S. A.; Xu, Y.-F.; Amador-Noguez, D.; Fan, J.; Shlomi, T.; Rabinowitz, J. D. Metabolite Concentrations, Fluxes and Free Energies Imply Efficient Enzyme Usage. Nat Chem Biol 2016, 12 (7), 482�489. https://doi.org/10.1038/nchembio.2077."
77,Mammal iBMK,Aconitic acid,0.5,,0.011,"Park, J. O.; Rubin, S. A.; Xu, Y.-F.; Amador-Noguez, D.; Fan, J.; Shlomi, T.; Rabinowitz, J. D. Metabolite Concentrations, Fluxes and Free Energies Imply Efficient Enzyme Usage. Nat Chem Biol 2016, 12 (7), 482�489. https://doi.org/10.1038/nchembio.2077."
78,Mammal iBMK,erythrose-P,0.5,,0.0103,"Park, J. O.; Rubin, S. A.; Xu, Y.-F.; Amador-Noguez, D.; Fan, J.; Shlomi, T.; Rabinowitz, J. D. Metabolite Concentrations, Fluxes and Free Energies Imply Efficient Enzyme Usage. Nat Chem Biol 2016, 12 (7), 482�489. https://doi.org/10.1038/nchembio.2077."
79,Mammal iBMK,D-dgluconic acid,0.5,Cytosol,0.00949,"Park, J. O.; Rubin, S. A.; Xu, Y.-F.; Amador-Noguez, D.; Fan, J.; Shlomi, T.; Rabinowitz, J. D. Metabolite Concentrations, Fluxes and Free Energies Imply Efficient Enzyme Usage. Nat Chem Biol 2016, 12 (7), 482�489. https://doi.org/10.1038/nchembio.2077."
80,Mammal iBMK,Orotic acid,0.5,,0.00841,"Park, J. O.; Rubin, S. A.; Xu, Y.-F.; Amador-Noguez, D.; Fan, J.; Shlomi, T.; Rabinowitz, J. D. Metabolite Concentrations, Fluxes and Free Energies Imply Efficient Enzyme Usage. Nat Chem Biol 2016, 12 (7), 482�489. https://doi.org/10.1038/nchembio.2077."
81,Mammal iBMK,"N-ACN-glucosamine-1,6-P",0.5,,0.00747,"Park, J. O.; Rubin, S. A.; Xu, Y.-F.; Amador-Noguez, D.; Fan, J.; Shlomi, T.; Rabinowitz, J. D. Metabolite Concentrations, Fluxes and Free Energies Imply Efficient Enzyme Usage. Nat Chem Biol 2016, 12 (7), 482�489. https://doi.org/10.1038/nchembio.2077."
82,Mammal iBMK,succinyl-CoA,0.5,Mitochondria,0.0068,"Park, J. O.; Rubin, S. A.; Xu, Y.-F.; Amador-Noguez, D.; Fan, J.; Shlomi, T.; Rabinowitz, J. D. Metabolite Concentrations, Fluxes and Free Energies Imply Efficient Enzyme Usage. Nat Chem Biol 2016, 12 (7), 482�489. https://doi.org/10.1038/nchembio.2077."
83,Mammal iBMK,FAD,0.5,,0.0056,"Park, J. O.; Rubin, S. A.; Xu, Y.-F.; Amador-Noguez, D.; Fan, J.; Shlomi, T.; Rabinowitz, J. D. Metabolite Concentrations, Fluxes and Free Energies Imply Efficient Enzyme Usage. Nat Chem Biol 2016, 12 (7), 482�489. https://doi.org/10.1038/nchembio.2077."
84,Mammal iBMK,ribulose-5-P,0.5,Cytosol,0.00527,"Park, J. O.; Rubin, S. A.; Xu, Y.-F.; Amador-Noguez, D.; Fan, J.; Shlomi, T.; Rabinowitz, J. D. Metabolite Concentrations, Fluxes and Free Energies Imply Efficient Enzyme Usage. Nat Chem Biol 2016, 12 (7), 482�489. https://doi.org/10.1038/nchembio.2077."
85,Mammal iBMK,malonyl-CoA,0.5,,0.00495,"Park, J. O.; Rubin, S. A.; Xu, Y.-F.; Amador-Noguez, D.; Fan, J.; Shlomi, T.; Rabinowitz, J. D. Metabolite Concentrations, Fluxes and Free Energies Imply Efficient Enzyme Usage. Nat Chem Biol 2016, 12 (7), 482�489. https://doi.org/10.1038/nchembio.2077."
86,Mammal iBMK,D-dgluconic acid,0.5,,0.00277,"Park, J. O.; Rubin, S. A.; Xu, Y.-F.; Amador-Noguez, D.; Fan, J.; Shlomi, T.; Rabinowitz, J. D. Metabolite Concentrations, Fluxes and Free Energies Imply Efficient Enzyme Usage. Nat Chem Biol 2016, 12 (7), 482�489. https://doi.org/10.1038/nchembio.2077."
87,Mammal iBMK,Thymidine,0.5,,0.00264,"Park, J. O.; Rubin, S. A.; Xu, Y.-F.; Amador-Noguez, D.; Fan, J.; Shlomi, T.; Rabinowitz, J. D. Metabolite Concentrations, Fluxes and Free Energies Imply Efficient Enzyme Usage. Nat Chem Biol 2016, 12 (7), 482�489. https://doi.org/10.1038/nchembio.2077."
88,Mammal iBMK,"1,3-P-glycerate",0.5,Cytosol,0.00224,"Park, J. O.; Rubin, S. A.; Xu, Y.-F.; Amador-Noguez, D.; Fan, J.; Shlomi, T.; Rabinowitz, J. D. Metabolite Concentrations, Fluxes and Free Energies Imply Efficient Enzyme Usage. Nat Chem Biol 2016, 12 (7), 482�489. https://doi.org/10.1038/nchembio.2077."
89,Mammal iBMK,Oxaloacetate,0.5,Mitochondria,0.00201,"Park, J. O.; Rubin, S. A.; Xu, Y.-F.; Amador-Noguez, D.; Fan, J.; Shlomi, T.; Rabinowitz, J. D. Metabolite Concentrations, Fluxes and Free Energies Imply Efficient Enzyme Usage. Nat Chem Biol 2016, 12 (7), 482�489. https://doi.org/10.1038/nchembio.2077."
90,Mammal iBMK,dCDP,0.5,,0.00182,"Park, J. O.; Rubin, S. A.; Xu, Y.-F.; Amador-Noguez, D.; Fan, J.; Shlomi, T.; Rabinowitz, J. D. Metabolite Concentrations, Fluxes and Free Energies Imply Efficient Enzyme Usage. Nat Chem Biol 2016, 12 (7), 482�489. https://doi.org/10.1038/nchembio.2077."
91,Mammal iBMK,Guanosine,0.5,,0.00135,"Park, J. O.; Rubin, S. A.; Xu, Y.-F.; Amador-Noguez, D.; Fan, J.; Shlomi, T.; Rabinowitz, J. D. Metabolite Concentrations, Fluxes and Free Energies Imply Efficient Enzyme Usage. Nat Chem Biol 2016, 12 (7), 482�489. https://doi.org/10.1038/nchembio.2077."
92,Mammal iBMK,Inosine,0.5,,0.00133,"Park, J. O.; Rubin, S. A.; Xu, Y.-F.; Amador-Noguez, D.; Fan, J.; Shlomi, T.; Rabinowitz, J. D. Metabolite Concentrations, Fluxes and Free Energies Imply Efficient Enzyme Usage. Nat Chem Biol 2016, 12 (7), 482�489. https://doi.org/10.1038/nchembio.2077."
93,Mammal iBMK,dATP,0.5,,0.000974,"Park, J. O.; Rubin, S. A.; Xu, Y.-F.; Amador-Noguez, D.; Fan, J.; Shlomi, T.; Rabinowitz, J. D. Metabolite Concentrations, Fluxes and Free Energies Imply Efficient Enzyme Usage. Nat Chem Biol 2016, 12 (7), 482�489. https://doi.org/10.1038/nchembio.2077."
94,Mammal iBMK,S-adenosyl-L-homocysteine,0.5,,0.000571,"Park, J. O.; Rubin, S. A.; Xu, Y.-F.; Amador-Noguez, D.; Fan, J.; Shlomi, T.; Rabinowitz, J. D. Metabolite Concentrations, Fluxes and Free Energies Imply Efficient Enzyme Usage. Nat Chem Biol 2016, 12 (7), 482�489. https://doi.org/10.1038/nchembio.2077."
95,Mammal iBMK,cyclic-AMP,0.5,,0.00013,"Park, J. O.; Rubin, S. A.; Xu, Y.-F.; Amador-Noguez, D.; Fan, J.; Shlomi, T.; Rabinowitz, J. D. Metabolite Concentrations, Fluxes and Free Energies Imply Efficient Enzyme Usage. Nat Chem Biol 2016, 12 (7), 482�489. https://doi.org/10.1038/nchembio.2077."
1,Yeast,L-Glutamic acid,0.5,,39.1,"Park, J. O.; Rubin, S. A.; Xu, Y.-F.; Amador-Noguez, D.; Fan, J.; Shlomi, T.; Rabinowitz, J. D. Metabolite Concentrations, Fluxes and Free Energies Imply Efficient Enzyme Usage. Nat Chem Biol 2016, 12 (7), 482�489. https://doi.org/10.1038/nchembio.2077."
2,Yeast,L-Glutamine,0.5,,35.5,"Park, J. O.; Rubin, S. A.; Xu, Y.-F.; Amador-Noguez, D.; Fan, J.; Shlomi, T.; Rabinowitz, J. D. Metabolite Concentrations, Fluxes and Free Energies Imply Efficient Enzyme Usage. Nat Chem Biol 2016, 12 (7), 482�489. https://doi.org/10.1038/nchembio.2077."
3,Yeast,Citrulline,0.5,,27,"Park, J. O.; Rubin, S. A.; Xu, Y.-F.; Amador-Noguez, D.; Fan, J.; Shlomi, T.; Rabinowitz, J. D. Metabolite Concentrations, Fluxes and Free Energies Imply Efficient Enzyme Usage. Nat Chem Biol 2016, 12 (7), 482�489. https://doi.org/10.1038/nchembio.2077."
4,Yeast,L-Alanine,0.5,,22.3,"Park, J. O.; Rubin, S. A.; Xu, Y.-F.; Amador-Noguez, D.; Fan, J.; Shlomi, T.; Rabinowitz, J. D. Metabolite Concentrations, Fluxes and Free Energies Imply Efficient Enzyme Usage. Nat Chem Biol 2016, 12 (7), 482�489. https://doi.org/10.1038/nchembio.2077."
5,Yeast,L-Arginine,0.5,,21.8,"Park, J. O.; Rubin, S. A.; Xu, Y.-F.; Amador-Noguez, D.; Fan, J.; Shlomi, T.; Rabinowitz, J. D. Metabolite Concentrations, Fluxes and Free Energies Imply Efficient Enzyme Usage. Nat Chem Biol 2016, 12 (7), 482�489. https://doi.org/10.1038/nchembio.2077."
6,Yeast,Pyruvic acid,0.5,,9.4,"Park, J. O.; Rubin, S. A.; Xu, Y.-F.; Amador-Noguez, D.; Fan, J.; Shlomi, T.; Rabinowitz, J. D. Metabolite Concentrations, Fluxes and Free Energies Imply Efficient Enzyme Usage. Nat Chem Biol 2016, 12 (7), 482�489. https://doi.org/10.1038/nchembio.2077."
7,Yeast,Trehalose,0.5,,8.4,"Park, J. O.; Rubin, S. A.; Xu, Y.-F.; Amador-Noguez, D.; Fan, J.; Shlomi, T.; Rabinowitz, J. D. Metabolite Concentrations, Fluxes and Free Energies Imply Efficient Enzyme Usage. Nat Chem Biol 2016, 12 (7), 482�489. https://doi.org/10.1038/nchembio.2077."
8,Yeast,L-Threonine,0.5,,6.69,"Park, J. O.; Rubin, S. A.; Xu, Y.-F.; Amador-Noguez, D.; Fan, J.; Shlomi, T.; Rabinowitz, J. D. Metabolite Concentrations, Fluxes and Free Energies Imply Efficient Enzyme Usage. Nat Chem Biol 2016, 12 (7), 482�489. https://doi.org/10.1038/nchembio.2077."
9,Yeast,L-Aspartic acid,0.5,,6.29,"Park, J. O.; Rubin, S. A.; Xu, Y.-F.; Amador-Noguez, D.; Fan, J.; Shlomi, T.; Rabinowitz, J. D. Metabolite Concentrations, Fluxes and Free Energies Imply Efficient Enzyme Usage. Nat Chem Biol 2016, 12 (7), 482�489. https://doi.org/10.1038/nchembio.2077."
10,Yeast,L-Asparagine,0.5,,5.69,"Park, J. O.; Rubin, S. A.; Xu, Y.-F.; Amador-Noguez, D.; Fan, J.; Shlomi, T.; Rabinowitz, J. D. Metabolite Concentrations, Fluxes and Free Energies Imply Efficient Enzyme Usage. Nat Chem Biol 2016, 12 (7), 482�489. https://doi.org/10.1038/nchembio.2077."
11,Yeast,Glucose 6-P,0.5,,5.31,"Park, J. O.; Rubin, S. A.; Xu, Y.-F.; Amador-Noguez, D.; Fan, J.; Shlomi, T.; Rabinowitz, J. D. Metabolite Concentrations, Fluxes and Free Energies Imply Efficient Enzyme Usage. Nat Chem Biol 2016, 12 (7), 482�489. https://doi.org/10.1038/nchembio.2077."
12,Yeast,L-Lysine,0.5,,5.16,"Park, J. O.; Rubin, S. A.; Xu, Y.-F.; Amador-Noguez, D.; Fan, J.; Shlomi, T.; Rabinowitz, J. D. Metabolite Concentrations, Fluxes and Free Energies Imply Efficient Enzyme Usage. Nat Chem Biol 2016, 12 (7), 482�489. https://doi.org/10.1038/nchembio.2077."
13,Yeast,CoA,0.5,,4.9,"Park, J. O.; Rubin, S. A.; Xu, Y.-F.; Amador-Noguez, D.; Fan, J.; Shlomi, T.; Rabinowitz, J. D. Metabolite Concentrations, Fluxes and Free Energies Imply Efficient Enzyme Usage. Nat Chem Biol 2016, 12 (7), 482�489. https://doi.org/10.1038/nchembio.2077."
14,Yeast,Ornithine,0.5,,4.49,"Park, J. O.; Rubin, S. A.; Xu, Y.-F.; Amador-Noguez, D.; Fan, J.; Shlomi, T.; Rabinowitz, J. D. Metabolite Concentrations, Fluxes and Free Energies Imply Efficient Enzyme Usage. Nat Chem Biol 2016, 12 (7), 482�489. https://doi.org/10.1038/nchembio.2077."
15,Yeast,Glutathione,0.5,,4.3,"Park, J. O.; Rubin, S. A.; Xu, Y.-F.; Amador-Noguez, D.; Fan, J.; Shlomi, T.; Rabinowitz, J. D. Metabolite Concentrations, Fluxes and Free Energies Imply Efficient Enzyme Usage. Nat Chem Biol 2016, 12 (7), 482�489. https://doi.org/10.1038/nchembio.2077."
16,Yeast,"Fructose 1,6-BP",0.5,,4,"Park, J. O.; Rubin, S. A.; Xu, Y.-F.; Amador-Noguez, D.; Fan, J.; Shlomi, T.; Rabinowitz, J. D. Metabolite Concentrations, Fluxes and Free Energies Imply Efficient Enzyme Usage. Nat Chem Biol 2016, 12 (7), 482�489. https://doi.org/10.1038/nchembio.2077."
17,Yeast,L-Serine,0.5,,3.87,"Park, J. O.; Rubin, S. A.; Xu, Y.-F.; Amador-Noguez, D.; Fan, J.; Shlomi, T.; Rabinowitz, J. D. Metabolite Concentrations, Fluxes and Free Energies Imply Efficient Enzyme Usage. Nat Chem Biol 2016, 12 (7), 482�489. https://doi.org/10.1038/nchembio.2077."
18,Yeast,L-Valine,0.5,,2.5,"Park, J. O.; Rubin, S. A.; Xu, Y.-F.; Amador-Noguez, D.; Fan, J.; Shlomi, T.; Rabinowitz, J. D. Metabolite Concentrations, Fluxes and Free Energies Imply Efficient Enzyme Usage. Nat Chem Biol 2016, 12 (7), 482�489. https://doi.org/10.1038/nchembio.2077."
19,Yeast,NAD,0.5,,2.44,"Park, J. O.; Rubin, S. A.; Xu, Y.-F.; Amador-Noguez, D.; Fan, J.; Shlomi, T.; Rabinowitz, J. D. Metabolite Concentrations, Fluxes and Free Energies Imply Efficient Enzyme Usage. Nat Chem Biol 2016, 12 (7), 482�489. https://doi.org/10.1038/nchembio.2077."
20,Yeast,Fructose 6-P,0.5,,2.37,"Park, J. O.; Rubin, S. A.; Xu, Y.-F.; Amador-Noguez, D.; Fan, J.; Shlomi, T.; Rabinowitz, J. D. Metabolite Concentrations, Fluxes and Free Energies Imply Efficient Enzyme Usage. Nat Chem Biol 2016, 12 (7), 482�489. https://doi.org/10.1038/nchembio.2077."
21,Yeast,ATP,0.5,,1.93,"Park, J. O.; Rubin, S. A.; Xu, Y.-F.; Amador-Noguez, D.; Fan, J.; Shlomi, T.; Rabinowitz, J. D. Metabolite Concentrations, Fluxes and Free Energies Imply Efficient Enzyme Usage. Nat Chem Biol 2016, 12 (7), 482�489. https://doi.org/10.1038/nchembio.2077."
22,Yeast,Citric acid,0.5,,1.49,"Park, J. O.; Rubin, S. A.; Xu, Y.-F.; Amador-Noguez, D.; Fan, J.; Shlomi, T.; Rabinowitz, J. D. Metabolite Concentrations, Fluxes and Free Energies Imply Efficient Enzyme Usage. Nat Chem Biol 2016, 12 (7), 482�489. https://doi.org/10.1038/nchembio.2077."
23,Yeast,L-Proline,0.5,,1.36,"Park, J. O.; Rubin, S. A.; Xu, Y.-F.; Amador-Noguez, D.; Fan, J.; Shlomi, T.; Rabinowitz, J. D. Metabolite Concentrations, Fluxes and Free Energies Imply Efficient Enzyme Usage. Nat Chem Biol 2016, 12 (7), 482�489. https://doi.org/10.1038/nchembio.2077."
24,Yeast,UDP-GlcNAC,0.5,,1.02,"Park, J. O.; Rubin, S. A.; Xu, Y.-F.; Amador-Noguez, D.; Fan, J.; Shlomi, T.; Rabinowitz, J. D. Metabolite Concentrations, Fluxes and Free Energies Imply Efficient Enzyme Usage. Nat Chem Biol 2016, 12 (7), 482�489. https://doi.org/10.1038/nchembio.2077."
25,Yeast,(S)-Malic acid,0.5,,0.925,"Park, J. O.; Rubin, S. A.; Xu, Y.-F.; Amador-Noguez, D.; Fan, J.; Shlomi, T.; Rabinowitz, J. D. Metabolite Concentrations, Fluxes and Free Energies Imply Efficient Enzyme Usage. Nat Chem Biol 2016, 12 (7), 482�489. https://doi.org/10.1038/nchembio.2077."
26,Yeast,a-ketoglutarate,0.5,,0.848,"Park, J. O.; Rubin, S. A.; Xu, Y.-F.; Amador-Noguez, D.; Fan, J.; Shlomi, T.; Rabinowitz, J. D. Metabolite Concentrations, Fluxes and Free Energies Imply Efficient Enzyme Usage. Nat Chem Biol 2016, 12 (7), 482�489. https://doi.org/10.1038/nchembio.2077."
27,Yeast,diOH-ACN-P,0.5,,0.823,"Park, J. O.; Rubin, S. A.; Xu, Y.-F.; Amador-Noguez, D.; Fan, J.; Shlomi, T.; Rabinowitz, J. D. Metabolite Concentrations, Fluxes and Free Energies Imply Efficient Enzyme Usage. Nat Chem Biol 2016, 12 (7), 482�489. https://doi.org/10.1038/nchembio.2077."
29,Yeast,Succinic acid,0.5,,0.635,"Park, J. O.; Rubin, S. A.; Xu, Y.-F.; Amador-Noguez, D.; Fan, J.; Shlomi, T.; Rabinowitz, J. D. Metabolite Concentrations, Fluxes and Free Energies Imply Efficient Enzyme Usage. Nat Chem Biol 2016, 12 (7), 482�489. https://doi.org/10.1038/nchembio.2077."
30,Yeast,3-P-D-glyceric acid,0.5,,0.578,"Park, J. O.; Rubin, S. A.; Xu, Y.-F.; Amador-Noguez, D.; Fan, J.; Shlomi, T.; Rabinowitz, J. D. Metabolite Concentrations, Fluxes and Free Energies Imply Efficient Enzyme Usage. Nat Chem Biol 2016, 12 (7), 482�489. https://doi.org/10.1038/nchembio.2077."
31,Yeast,UTP,0.5,,0.494,"Park, J. O.; Rubin, S. A.; Xu, Y.-F.; Amador-Noguez, D.; Fan, J.; Shlomi, T.; Rabinowitz, J. D. Metabolite Concentrations, Fluxes and Free Energies Imply Efficient Enzyme Usage. Nat Chem Biol 2016, 12 (7), 482�489. https://doi.org/10.1038/nchembio.2077."
32,Yeast,ADP,0.5,,0.488,"Park, J. O.; Rubin, S. A.; Xu, Y.-F.; Amador-Noguez, D.; Fan, J.; Shlomi, T.; Rabinowitz, J. D. Metabolite Concentrations, Fluxes and Free Energies Imply Efficient Enzyme Usage. Nat Chem Biol 2016, 12 (7), 482�489. https://doi.org/10.1038/nchembio.2077."
33,Yeast,sedoheptulose-7-phosphate,0.5,,0.361,"Park, J. O.; Rubin, S. A.; Xu, Y.-F.; Amador-Noguez, D.; Fan, J.; Shlomi, T.; Rabinowitz, J. D. Metabolite Concentrations, Fluxes and Free Energies Imply Efficient Enzyme Usage. Nat Chem Biol 2016, 12 (7), 482�489. https://doi.org/10.1038/nchembio.2077."
34,Yeast,L-Isoleucine,0.5,,0.353,"Park, J. O.; Rubin, S. A.; Xu, Y.-F.; Amador-Noguez, D.; Fan, J.; Shlomi, T.; Rabinowitz, J. D. Metabolite Concentrations, Fluxes and Free Energies Imply Efficient Enzyme Usage. Nat Chem Biol 2016, 12 (7), 482�489. https://doi.org/10.1038/nchembio.2077."
35,Yeast,L-Leucine,0.5,,0.353,"Park, J. O.; Rubin, S. A.; Xu, Y.-F.; Amador-Noguez, D.; Fan, J.; Shlomi, T.; Rabinowitz, J. D. Metabolite Concentrations, Fluxes and Free Energies Imply Efficient Enzyme Usage. Nat Chem Biol 2016, 12 (7), 482�489. https://doi.org/10.1038/nchembio.2077."
36,Yeast,Glycerol,0.5,,0.281,"Park, J. O.; Rubin, S. A.; Xu, Y.-F.; Amador-Noguez, D.; Fan, J.; Shlomi, T.; Rabinowitz, J. D. Metabolite Concentrations, Fluxes and Free Energies Imply Efficient Enzyme Usage. Nat Chem Biol 2016, 12 (7), 482�489. https://doi.org/10.1038/nchembio.2077."
37,Yeast,L-Phenylalanine,0.5,,0.273,"Park, J. O.; Rubin, S. A.; Xu, Y.-F.; Amador-Noguez, D.; Fan, J.; Shlomi, T.; Rabinowitz, J. D. Metabolite Concentrations, Fluxes and Free Energies Imply Efficient Enzyme Usage. Nat Chem Biol 2016, 12 (7), 482�489. https://doi.org/10.1038/nchembio.2077."
38,Yeast,UDP-glucose,0.5,,0.268,"Park, J. O.; Rubin, S. A.; Xu, Y.-F.; Amador-Noguez, D.; Fan, J.; Shlomi, T.; Rabinowitz, J. D. Metabolite Concentrations, Fluxes and Free Energies Imply Efficient Enzyme Usage. Nat Chem Biol 2016, 12 (7), 482�489. https://doi.org/10.1038/nchembio.2077."
39,Yeast,CTP,0.5,,0.249,"Park, J. O.; Rubin, S. A.; Xu, Y.-F.; Amador-Noguez, D.; Fan, J.; Shlomi, T.; Rabinowitz, J. D. Metabolite Concentrations, Fluxes and Free Energies Imply Efficient Enzyme Usage. Nat Chem Biol 2016, 12 (7), 482�489. https://doi.org/10.1038/nchembio.2077."
40,Yeast,L-Tyrosine,0.5,,0.248,"Park, J. O.; Rubin, S. A.; Xu, Y.-F.; Amador-Noguez, D.; Fan, J.; Shlomi, T.; Rabinowitz, J. D. Metabolite Concentrations, Fluxes and Free Energies Imply Efficient Enzyme Usage. Nat Chem Biol 2016, 12 (7), 482�489. https://doi.org/10.1038/nchembio.2077."
41,Yeast,GTP,0.5,,0.247,"Park, J. O.; Rubin, S. A.; Xu, Y.-F.; Amador-Noguez, D.; Fan, J.; Shlomi, T.; Rabinowitz, J. D. Metabolite Concentrations, Fluxes and Free Energies Imply Efficient Enzyme Usage. Nat Chem Biol 2016, 12 (7), 482�489. https://doi.org/10.1038/nchembio.2077."
42,Yeast,xylulose-5-phosphate,0.5,,0.246,"Park, J. O.; Rubin, S. A.; Xu, Y.-F.; Amador-Noguez, D.; Fan, J.; Shlomi, T.; Rabinowitz, J. D. Metabolite Concentrations, Fluxes and Free Energies Imply Efficient Enzyme Usage. Nat Chem Biol 2016, 12 (7), 482�489. https://doi.org/10.1038/nchembio.2077."
43,Yeast,6-P-gluconic acid,0.5,,0.243,"Park, J. O.; Rubin, S. A.; Xu, Y.-F.; Amador-Noguez, D.; Fan, J.; Shlomi, T.; Rabinowitz, J. D. Metabolite Concentrations, Fluxes and Free Energies Imply Efficient Enzyme Usage. Nat Chem Biol 2016, 12 (7), 482�489. https://doi.org/10.1038/nchembio.2077."
44,Yeast,N-ACN-ornithine,0.5,,0.229,"Park, J. O.; Rubin, S. A.; Xu, Y.-F.; Amador-Noguez, D.; Fan, J.; Shlomi, T.; Rabinowitz, J. D. Metabolite Concentrations, Fluxes and Free Energies Imply Efficient Enzyme Usage. Nat Chem Biol 2016, 12 (7), 482�489. https://doi.org/10.1038/nchembio.2077."
45,Yeast,NADPH,0.5,,0.221,"Park, J. O.; Rubin, S. A.; Xu, Y.-F.; Amador-Noguez, D.; Fan, J.; Shlomi, T.; Rabinowitz, J. D. Metabolite Concentrations, Fluxes and Free Energies Imply Efficient Enzyme Usage. Nat Chem Biol 2016, 12 (7), 482�489. https://doi.org/10.1038/nchembio.2077."
46,Yeast,L-Methionine,0.5,,0.191,"Park, J. O.; Rubin, S. A.; Xu, Y.-F.; Amador-Noguez, D.; Fan, J.; Shlomi, T.; Rabinowitz, J. D. Metabolite Concentrations, Fluxes and Free Energies Imply Efficient Enzyme Usage. Nat Chem Biol 2016, 12 (7), 482�489. https://doi.org/10.1038/nchembio.2077."
47,Yeast,NADP,0.5,,0.183,"Park, J. O.; Rubin, S. A.; Xu, Y.-F.; Amador-Noguez, D.; Fan, J.; Shlomi, T.; Rabinowitz, J. D. Metabolite Concentrations, Fluxes and Free Energies Imply Efficient Enzyme Usage. Nat Chem Biol 2016, 12 (7), 482�489. https://doi.org/10.1038/nchembio.2077."
48,Yeast,Rib-5-P,0.5,,0.152,"Park, J. O.; Rubin, S. A.; Xu, Y.-F.; Amador-Noguez, D.; Fan, J.; Shlomi, T.; Rabinowitz, J. D. Metabolite Concentrations, Fluxes and Free Energies Imply Efficient Enzyme Usage. Nat Chem Biol 2016, 12 (7), 482�489. https://doi.org/10.1038/nchembio.2077."
49,Yeast,"N-ACN-glucosamine-1,6-P",0.5,,0.15,"Park, J. O.; Rubin, S. A.; Xu, Y.-F.; Amador-Noguez, D.; Fan, J.; Shlomi, T.; Rabinowitz, J. D. Metabolite Concentrations, Fluxes and Free Energies Imply Efficient Enzyme Usage. Nat Chem Biol 2016, 12 (7), 482�489. https://doi.org/10.1038/nchembio.2077."
50,Yeast,Fumarate,0.5,,0.124,"Park, J. O.; Rubin, S. A.; Xu, Y.-F.; Amador-Noguez, D.; Fan, J.; Shlomi, T.; Rabinowitz, J. D. Metabolite Concentrations, Fluxes and Free Energies Imply Efficient Enzyme Usage. Nat Chem Biol 2016, 12 (7), 482�489. https://doi.org/10.1038/nchembio.2077."
51,Yeast,ribulose-5-P,0.5,,0.122,"Park, J. O.; Rubin, S. A.; Xu, Y.-F.; Amador-Noguez, D.; Fan, J.; Shlomi, T.; Rabinowitz, J. D. Metabolite Concentrations, Fluxes and Free Energies Imply Efficient Enzyme Usage. Nat Chem Biol 2016, 12 (7), 482�489. https://doi.org/10.1038/nchembio.2077."
52,Yeast,Fumarate,0.5,,0.121,"Park, J. O.; Rubin, S. A.; Xu, Y.-F.; Amador-Noguez, D.; Fan, J.; Shlomi, T.; Rabinowitz, J. D. Metabolite Concentrations, Fluxes and Free Energies Imply Efficient Enzyme Usage. Nat Chem Biol 2016, 12 (7), 482�489. https://doi.org/10.1038/nchembio.2077."
53,Yeast,glyceraldehyde-3-P,0.5,,0.118,"Park, J. O.; Rubin, S. A.; Xu, Y.-F.; Amador-Noguez, D.; Fan, J.; Shlomi, T.; Rabinowitz, J. D. Metabolite Concentrations, Fluxes and Free Energies Imply Efficient Enzyme Usage. Nat Chem Biol 2016, 12 (7), 482�489. https://doi.org/10.1038/nchembio.2077."
54,Yeast,NADH,0.5,,0.107,"Park, J. O.; Rubin, S. A.; Xu, Y.-F.; Amador-Noguez, D.; Fan, J.; Shlomi, T.; Rabinowitz, J. D. Metabolite Concentrations, Fluxes and Free Energies Imply Efficient Enzyme Usage. Nat Chem Biol 2016, 12 (7), 482�489. https://doi.org/10.1038/nchembio.2077."
55,Yeast,Oxidized glutathione,0.5,,0.0973,"Park, J. O.; Rubin, S. A.; Xu, Y.-F.; Amador-Noguez, D.; Fan, J.; Shlomi, T.; Rabinowitz, J. D. Metabolite Concentrations, Fluxes and Free Energies Imply Efficient Enzyme Usage. Nat Chem Biol 2016, 12 (7), 482�489. https://doi.org/10.1038/nchembio.2077."
56,Yeast,Gluconic acid,0.5,,0.0951,"Park, J. O.; Rubin, S. A.; Xu, Y.-F.; Amador-Noguez, D.; Fan, J.; Shlomi, T.; Rabinowitz, J. D. Metabolite Concentrations, Fluxes and Free Energies Imply Efficient Enzyme Usage. Nat Chem Biol 2016, 12 (7), 482�489. https://doi.org/10.1038/nchembio.2077."
57,Yeast,AMP,0.5,,0.0812,"Park, J. O.; Rubin, S. A.; Xu, Y.-F.; Amador-Noguez, D.; Fan, J.; Shlomi, T.; Rabinowitz, J. D. Metabolite Concentrations, Fluxes and Free Energies Imply Efficient Enzyme Usage. Nat Chem Biol 2016, 12 (7), 482�489. https://doi.org/10.1038/nchembio.2077."
58,Yeast,L-Tryptophan,0.5,,0.0555,"Park, J. O.; Rubin, S. A.; Xu, Y.-F.; Amador-Noguez, D.; Fan, J.; Shlomi, T.; Rabinowitz, J. D. Metabolite Concentrations, Fluxes and Free Energies Imply Efficient Enzyme Usage. Nat Chem Biol 2016, 12 (7), 482�489. https://doi.org/10.1038/nchembio.2077."
59,Yeast,pRpp,0.5,,0.047,"Park, J. O.; Rubin, S. A.; Xu, Y.-F.; Amador-Noguez, D.; Fan, J.; Shlomi, T.; Rabinowitz, J. D. Metabolite Concentrations, Fluxes and Free Energies Imply Efficient Enzyme Usage. Nat Chem Biol 2016, 12 (7), 482�489. https://doi.org/10.1038/nchembio.2077."
60,Yeast,acetyl-CoA,0.5,,0.0436,"Park, J. O.; Rubin, S. A.; Xu, Y.-F.; Amador-Noguez, D.; Fan, J.; Shlomi, T.; Rabinowitz, J. D. Metabolite Concentrations, Fluxes and Free Energies Imply Efficient Enzyme Usage. Nat Chem Biol 2016, 12 (7), 482�489. https://doi.org/10.1038/nchembio.2077."
61,Yeast,GDP,0.5,,0.0421,"Park, J. O.; Rubin, S. A.; Xu, Y.-F.; Amador-Noguez, D.; Fan, J.; Shlomi, T.; Rabinowitz, J. D. Metabolite Concentrations, Fluxes and Free Energies Imply Efficient Enzyme Usage. Nat Chem Biol 2016, 12 (7), 482�489. https://doi.org/10.1038/nchembio.2077."
62,Yeast,IMP,0.5,,0.038,"Park, J. O.; Rubin, S. A.; Xu, Y.-F.; Amador-Noguez, D.; Fan, J.; Shlomi, T.; Rabinowitz, J. D. Metabolite Concentrations, Fluxes and Free Energies Imply Efficient Enzyme Usage. Nat Chem Biol 2016, 12 (7), 482�489. https://doi.org/10.1038/nchembio.2077."
63,Yeast,UDP,0.5,,0.0368,"Park, J. O.; Rubin, S. A.; Xu, Y.-F.; Amador-Noguez, D.; Fan, J.; Shlomi, T.; Rabinowitz, J. D. Metabolite Concentrations, Fluxes and Free Energies Imply Efficient Enzyme Usage. Nat Chem Biol 2016, 12 (7), 482�489. https://doi.org/10.1038/nchembio.2077."
64,Yeast,"2,3-P-glycerate",0.5,,0.0361,"Park, J. O.; Rubin, S. A.; Xu, Y.-F.; Amador-Noguez, D.; Fan, J.; Shlomi, T.; Rabinowitz, J. D. Metabolite Concentrations, Fluxes and Free Energies Imply Efficient Enzyme Usage. Nat Chem Biol 2016, 12 (7), 482�489. https://doi.org/10.1038/nchembio.2077."
65,Yeast,FAD,0.5,,0.0353,"Park, J. O.; Rubin, S. A.; Xu, Y.-F.; Amador-Noguez, D.; Fan, J.; Shlomi, T.; Rabinowitz, J. D. Metabolite Concentrations, Fluxes and Free Energies Imply Efficient Enzyme Usage. Nat Chem Biol 2016, 12 (7), 482�489. https://doi.org/10.1038/nchembio.2077."
66,Yeast,P-enolpyruvate,0.5,,0.0291,"Park, J. O.; Rubin, S. A.; Xu, Y.-F.; Amador-Noguez, D.; Fan, J.; Shlomi, T.; Rabinowitz, J. D. Metabolite Concentrations, Fluxes and Free Energies Imply Efficient Enzyme Usage. Nat Chem Biol 2016, 12 (7), 482�489. https://doi.org/10.1038/nchembio.2077."
67,Yeast,hydroxyisocaproic acid,0.5,,0.0268,"Park, J. O.; Rubin, S. A.; Xu, Y.-F.; Amador-Noguez, D.; Fan, J.; Shlomi, T.; Rabinowitz, J. D. Metabolite Concentrations, Fluxes and Free Energies Imply Efficient Enzyme Usage. Nat Chem Biol 2016, 12 (7), 482�489. https://doi.org/10.1038/nchembio.2077."
68,Yeast,D-dgluconic acid,0.5,,0.0238,"Park, J. O.; Rubin, S. A.; Xu, Y.-F.; Amador-Noguez, D.; Fan, J.; Shlomi, T.; Rabinowitz, J. D. Metabolite Concentrations, Fluxes and Free Energies Imply Efficient Enzyme Usage. Nat Chem Biol 2016, 12 (7), 482�489. https://doi.org/10.1038/nchembio.2077."
69,Yeast,erythrose-P,0.5,,0.0146,"Park, J. O.; Rubin, S. A.; Xu, Y.-F.; Amador-Noguez, D.; Fan, J.; Shlomi, T.; Rabinowitz, J. D. Metabolite Concentrations, Fluxes and Free Energies Imply Efficient Enzyme Usage. Nat Chem Biol 2016, 12 (7), 482�489. https://doi.org/10.1038/nchembio.2077."
70,Yeast,UMP,0.5,,0.0145,"Park, J. O.; Rubin, S. A.; Xu, Y.-F.; Amador-Noguez, D.; Fan, J.; Shlomi, T.; Rabinowitz, J. D. Metabolite Concentrations, Fluxes and Free Energies Imply Efficient Enzyme Usage. Nat Chem Biol 2016, 12 (7), 482�489. https://doi.org/10.1038/nchembio.2077."
71,Yeast,GMP,0.5,,0.0102,"Park, J. O.; Rubin, S. A.; Xu, Y.-F.; Amador-Noguez, D.; Fan, J.; Shlomi, T.; Rabinowitz, J. D. Metabolite Concentrations, Fluxes and Free Energies Imply Efficient Enzyme Usage. Nat Chem Biol 2016, 12 (7), 482�489. https://doi.org/10.1038/nchembio.2077."
72,Yeast,dATP,0.5,,0.00978,"Park, J. O.; Rubin, S. A.; Xu, Y.-F.; Amador-Noguez, D.; Fan, J.; Shlomi, T.; Rabinowitz, J. D. Metabolite Concentrations, Fluxes and Free Energies Imply Efficient Enzyme Usage. Nat Chem Biol 2016, 12 (7), 482�489. https://doi.org/10.1038/nchembio.2077."
73,Yeast,Inosine,0.5,,0.00612,"Park, J. O.; Rubin, S. A.; Xu, Y.-F.; Amador-Noguez, D.; Fan, J.; Shlomi, T.; Rabinowitz, J. D. Metabolite Concentrations, Fluxes and Free Energies Imply Efficient Enzyme Usage. Nat Chem Biol 2016, 12 (7), 482�489. https://doi.org/10.1038/nchembio.2077."
74,Yeast,Isocitrate,0.5,,0.00579,"Park, J. O.; Rubin, S. A.; Xu, Y.-F.; Amador-Noguez, D.; Fan, J.; Shlomi, T.; Rabinowitz, J. D. Metabolite Concentrations, Fluxes and Free Energies Imply Efficient Enzyme Usage. Nat Chem Biol 2016, 12 (7), 482�489. https://doi.org/10.1038/nchembio.2077."
75,Yeast,Taurine,0.5,,0.00564,"Park, J. O.; Rubin, S. A.; Xu, Y.-F.; Amador-Noguez, D.; Fan, J.; Shlomi, T.; Rabinowitz, J. D. Metabolite Concentrations, Fluxes and Free Energies Imply Efficient Enzyme Usage. Nat Chem Biol 2016, 12 (7), 482�489. https://doi.org/10.1038/nchembio.2077."
76,Yeast,CMP,0.5,,0.00518,"Park, J. O.; Rubin, S. A.; Xu, Y.-F.; Amador-Noguez, D.; Fan, J.; Shlomi, T.; Rabinowitz, J. D. Metabolite Concentrations, Fluxes and Free Energies Imply Efficient Enzyme Usage. Nat Chem Biol 2016, 12 (7), 482�489. https://doi.org/10.1038/nchembio.2077."
77,Yeast,"1,3-P-glycerate",0.5,,0.00491,"Park, J. O.; Rubin, S. A.; Xu, Y.-F.; Amador-Noguez, D.; Fan, J.; Shlomi, T.; Rabinowitz, J. D. Metabolite Concentrations, Fluxes and Free Energies Imply Efficient Enzyme Usage. Nat Chem Biol 2016, 12 (7), 482�489. https://doi.org/10.1038/nchembio.2077."
78,Yeast,dCTP,0.5,,0.00446,"Park, J. O.; Rubin, S. A.; Xu, Y.-F.; Amador-Noguez, D.; Fan, J.; Shlomi, T.; Rabinowitz, J. D. Metabolite Concentrations, Fluxes and Free Energies Imply Efficient Enzyme Usage. Nat Chem Biol 2016, 12 (7), 482�489. https://doi.org/10.1038/nchembio.2077."
79,Yeast,Thymidine,0.5,,0.00345,"Park, J. O.; Rubin, S. A.; Xu, Y.-F.; Amador-Noguez, D.; Fan, J.; Shlomi, T.; Rabinowitz, J. D. Metabolite Concentrations, Fluxes and Free Energies Imply Efficient Enzyme Usage. Nat Chem Biol 2016, 12 (7), 482�489. https://doi.org/10.1038/nchembio.2077."
80,Yeast,Oxaloacetate,0.5,,0.000501,"Park, J. O.; Rubin, S. A.; Xu, Y.-F.; Amador-Noguez, D.; Fan, J.; Shlomi, T.; Rabinowitz, J. D. Metabolite Concentrations, Fluxes and Free Energies Imply Efficient Enzyme Usage. Nat Chem Biol 2016, 12 (7), 482�489. https://doi.org/10.1038/nchembio.2077."
81,Yeast,cyclic-AMP,0.5,,0.0004,"Park, J. O.; Rubin, S. A.; Xu, Y.-F.; Amador-Noguez, D.; Fan, J.; Shlomi, T.; Rabinowitz, J. D. Metabolite Concentrations, Fluxes and Free Energies Imply Efficient Enzyme Usage. Nat Chem Biol 2016, 12 (7), 482�489. https://doi.org/10.1038/nchembio.2077."
1,E.coli,L-Glutamic acid,2,,96,"Park, J. O.; Rubin, S. A.; Xu, Y.-F.; Amador-Noguez, D.; Fan, J.; Shlomi, T.; Rabinowitz, J. D. Metabolite Concentrations, Fluxes and Free Energies Imply Efficient Enzyme Usage. Nat Chem Biol 2016, 12 (7), 482�489. https://doi.org/10.1038/nchembio.2077."
2,E.coli,Glutathione,2,,16.6,"Park, J. O.; Rubin, S. A.; Xu, Y.-F.; Amador-Noguez, D.; Fan, J.; Shlomi, T.; Rabinowitz, J. D. Metabolite Concentrations, Fluxes and Free Energies Imply Efficient Enzyme Usage. Nat Chem Biol 2016, 12 (7), 482�489. https://doi.org/10.1038/nchembio.2077."
3,E.coli,"Fructose 1,6-BP",2,,15.2,"Park, J. O.; Rubin, S. A.; Xu, Y.-F.; Amador-Noguez, D.; Fan, J.; Shlomi, T.; Rabinowitz, J. D. Metabolite Concentrations, Fluxes and Free Energies Imply Efficient Enzyme Usage. Nat Chem Biol 2016, 12 (7), 482�489. https://doi.org/10.1038/nchembio.2077."
4,E.coli,ATP,2,,9.63,"Park, J. O.; Rubin, S. A.; Xu, Y.-F.; Amador-Noguez, D.; Fan, J.; Shlomi, T.; Rabinowitz, J. D. Metabolite Concentrations, Fluxes and Free Energies Imply Efficient Enzyme Usage. Nat Chem Biol 2016, 12 (7), 482�489. https://doi.org/10.1038/nchembio.2077."
5,E.coli,UDP-GlcNAC,2,,9.24,"Park, J. O.; Rubin, S. A.; Xu, Y.-F.; Amador-Noguez, D.; Fan, J.; Shlomi, T.; Rabinowitz, J. D. Metabolite Concentrations, Fluxes and Free Energies Imply Efficient Enzyme Usage. Nat Chem Biol 2016, 12 (7), 482�489. https://doi.org/10.1038/nchembio.2077."
6,E.coli,UTP,2,,8.29,"Park, J. O.; Rubin, S. A.; Xu, Y.-F.; Amador-Noguez, D.; Fan, J.; Shlomi, T.; Rabinowitz, J. D. Metabolite Concentrations, Fluxes and Free Energies Imply Efficient Enzyme Usage. Nat Chem Biol 2016, 12 (7), 482�489. https://doi.org/10.1038/nchembio.2077."
7,E.coli,Glucose 6-P,2,,7.88,"Park, J. O.; Rubin, S. A.; Xu, Y.-F.; Amador-Noguez, D.; Fan, J.; Shlomi, T.; Rabinowitz, J. D. Metabolite Concentrations, Fluxes and Free Energies Imply Efficient Enzyme Usage. Nat Chem Biol 2016, 12 (7), 482�489. https://doi.org/10.1038/nchembio.2077."
8,E.coli,GTP,2,,4.87,"Park, J. O.; Rubin, S. A.; Xu, Y.-F.; Amador-Noguez, D.; Fan, J.; Shlomi, T.; Rabinowitz, J. D. Metabolite Concentrations, Fluxes and Free Energies Imply Efficient Enzyme Usage. Nat Chem Biol 2016, 12 (7), 482�489. https://doi.org/10.1038/nchembio.2077."
9,E.coli,dTTP,2,,4.62,"Park, J. O.; Rubin, S. A.; Xu, Y.-F.; Amador-Noguez, D.; Fan, J.; Shlomi, T.; Rabinowitz, J. D. Metabolite Concentrations, Fluxes and Free Energies Imply Efficient Enzyme Usage. Nat Chem Biol 2016, 12 (7), 482�489. https://doi.org/10.1038/nchembio.2077."
10,E.coli,L-Aspartic acid,2,,4.23,"Park, J. O.; Rubin, S. A.; Xu, Y.-F.; Amador-Noguez, D.; Fan, J.; Shlomi, T.; Rabinowitz, J. D. Metabolite Concentrations, Fluxes and Free Energies Imply Efficient Enzyme Usage. Nat Chem Biol 2016, 12 (7), 482�489. https://doi.org/10.1038/nchembio.2077."
11,E.coli,L-Valine,2,,4.02,"Park, J. O.; Rubin, S. A.; Xu, Y.-F.; Amador-Noguez, D.; Fan, J.; Shlomi, T.; Rabinowitz, J. D. Metabolite Concentrations, Fluxes and Free Energies Imply Efficient Enzyme Usage. Nat Chem Biol 2016, 12 (7), 482�489. https://doi.org/10.1038/nchembio.2077."
12,E.coli,L-Glutamine,2,,3.81,"Park, J. O.; Rubin, S. A.; Xu, Y.-F.; Amador-Noguez, D.; Fan, J.; Shlomi, T.; Rabinowitz, J. D. Metabolite Concentrations, Fluxes and Free Energies Imply Efficient Enzyme Usage. Nat Chem Biol 2016, 12 (7), 482�489. https://doi.org/10.1038/nchembio.2077."
13,E.coli,6-P-gluconic acid,2,,3.77,"Park, J. O.; Rubin, S. A.; Xu, Y.-F.; Amador-Noguez, D.; Fan, J.; Shlomi, T.; Rabinowitz, J. D. Metabolite Concentrations, Fluxes and Free Energies Imply Efficient Enzyme Usage. Nat Chem Biol 2016, 12 (7), 482�489. https://doi.org/10.1038/nchembio.2077."
14,E.coli,Pyruvic acid,2,,3.66,"Park, J. O.; Rubin, S. A.; Xu, Y.-F.; Amador-Noguez, D.; Fan, J.; Shlomi, T.; Rabinowitz, J. D. Metabolite Concentrations, Fluxes and Free Energies Imply Efficient Enzyme Usage. Nat Chem Biol 2016, 12 (7), 482�489. https://doi.org/10.1038/nchembio.2077."
15,E.coli,diOH-ACN-P,2,,3.06,"Park, J. O.; Rubin, S. A.; Xu, Y.-F.; Amador-Noguez, D.; Fan, J.; Shlomi, T.; Rabinowitz, J. D. Metabolite Concentrations, Fluxes and Free Energies Imply Efficient Enzyme Usage. Nat Chem Biol 2016, 12 (7), 482�489. https://doi.org/10.1038/nchembio.2077."
16,E.coli,CTP,2,,2.73,"Park, J. O.; Rubin, S. A.; Xu, Y.-F.; Amador-Noguez, D.; Fan, J.; Shlomi, T.; Rabinowitz, J. D. Metabolite Concentrations, Fluxes and Free Energies Imply Efficient Enzyme Usage. Nat Chem Biol 2016, 12 (7), 482�489. https://doi.org/10.1038/nchembio.2077."
17,E.coli,L-Alanine,2,,2.55,"Park, J. O.; Rubin, S. A.; Xu, Y.-F.; Amador-Noguez, D.; Fan, J.; Shlomi, T.; Rabinowitz, J. D. Metabolite Concentrations, Fluxes and Free Energies Imply Efficient Enzyme Usage. Nat Chem Biol 2016, 12 (7), 482�489. https://doi.org/10.1038/nchembio.2077."
18,E.coli,NAD,2,,2.55,"Park, J. O.; Rubin, S. A.; Xu, Y.-F.; Amador-Noguez, D.; Fan, J.; Shlomi, T.; Rabinowitz, J. D. Metabolite Concentrations, Fluxes and Free Energies Imply Efficient Enzyme Usage. Nat Chem Biol 2016, 12 (7), 482�489. https://doi.org/10.1038/nchembio.2077."
19,E.coli,Fructose 6-P,2,,2.52,"Park, J. O.; Rubin, S. A.; Xu, Y.-F.; Amador-Noguez, D.; Fan, J.; Shlomi, T.; Rabinowitz, J. D. Metabolite Concentrations, Fluxes and Free Energies Imply Efficient Enzyme Usage. Nat Chem Biol 2016, 12 (7), 482�489. https://doi.org/10.1038/nchembio.2077."
20,E.coli,UDP-glucose,2,,2.5,"Park, J. O.; Rubin, S. A.; Xu, Y.-F.; Amador-Noguez, D.; Fan, J.; Shlomi, T.; Rabinowitz, J. D. Metabolite Concentrations, Fluxes and Free Energies Imply Efficient Enzyme Usage. Nat Chem Biol 2016, 12 (7), 482�489. https://doi.org/10.1038/nchembio.2077."
21,E.coli,Oxidized glutathione,2,,2.37,"Park, J. O.; Rubin, S. A.; Xu, Y.-F.; Amador-Noguez, D.; Fan, J.; Shlomi, T.; Rabinowitz, J. D. Metabolite Concentrations, Fluxes and Free Energies Imply Efficient Enzyme Usage. Nat Chem Biol 2016, 12 (7), 482�489. https://doi.org/10.1038/nchembio.2077."
22,E.coli,uridine,2,,2.09,"Park, J. O.; Rubin, S. A.; Xu, Y.-F.; Amador-Noguez, D.; Fan, J.; Shlomi, T.; Rabinowitz, J. D. Metabolite Concentrations, Fluxes and Free Energies Imply Efficient Enzyme Usage. Nat Chem Biol 2016, 12 (7), 482�489. https://doi.org/10.1038/nchembio.2077."
23,E.coli,Citric acid,2,,1.96,"Park, J. O.; Rubin, S. A.; Xu, Y.-F.; Amador-Noguez, D.; Fan, J.; Shlomi, T.; Rabinowitz, J. D. Metabolite Concentrations, Fluxes and Free Energies Imply Efficient Enzyme Usage. Nat Chem Biol 2016, 12 (7), 482�489. https://doi.org/10.1038/nchembio.2077."
24,E.coli,UDP,2,,1.79,"Park, J. O.; Rubin, S. A.; Xu, Y.-F.; Amador-Noguez, D.; Fan, J.; Shlomi, T.; Rabinowitz, J. D. Metabolite Concentrations, Fluxes and Free Energies Imply Efficient Enzyme Usage. Nat Chem Biol 2016, 12 (7), 482�489. https://doi.org/10.1038/nchembio.2077."
25,E.coli,(S)-Malic acid,2,,1.68,"Park, J. O.; Rubin, S. A.; Xu, Y.-F.; Amador-Noguez, D.; Fan, J.; Shlomi, T.; Rabinowitz, J. D. Metabolite Concentrations, Fluxes and Free Energies Imply Efficient Enzyme Usage. Nat Chem Biol 2016, 12 (7), 482�489. https://doi.org/10.1038/nchembio.2077."
26,E.coli,3-P-D-glyceric acid,2,,1.54,"Park, J. O.; Rubin, S. A.; Xu, Y.-F.; Amador-Noguez, D.; Fan, J.; Shlomi, T.; Rabinowitz, J. D. Metabolite Concentrations, Fluxes and Free Energies Imply Efficient Enzyme Usage. Nat Chem Biol 2016, 12 (7), 482�489. https://doi.org/10.1038/nchembio.2077."
27,E.coli,Glyceric acid,2,,1.41,"Park, J. O.; Rubin, S. A.; Xu, Y.-F.; Amador-Noguez, D.; Fan, J.; Shlomi, T.; Rabinowitz, J. D. Metabolite Concentrations, Fluxes and Free Energies Imply Efficient Enzyme Usage. Nat Chem Biol 2016, 12 (7), 482�489. https://doi.org/10.1038/nchembio.2077."
28,E.coli,CoA,2,,1.37,"Park, J. O.; Rubin, S. A.; Xu, Y.-F.; Amador-Noguez, D.; Fan, J.; Shlomi, T.; Rabinowitz, J. D. Metabolite Concentrations, Fluxes and Free Energies Imply Efficient Enzyme Usage. Nat Chem Biol 2016, 12 (7), 482�489. https://doi.org/10.1038/nchembio.2077."
29,E.coli,Citrulline,2,,1.35,"Park, J. O.; Rubin, S. A.; Xu, Y.-F.; Amador-Noguez, D.; Fan, J.; Shlomi, T.; Rabinowitz, J. D. Metabolite Concentrations, Fluxes and Free Energies Imply Efficient Enzyme Usage. Nat Chem Biol 2016, 12 (7), 482�489. https://doi.org/10.1038/nchembio.2077."
30,E.coli,L-Threonine,2,,1.26,"Park, J. O.; Rubin, S. A.; Xu, Y.-F.; Amador-Noguez, D.; Fan, J.; Shlomi, T.; Rabinowitz, J. D. Metabolite Concentrations, Fluxes and Free Energies Imply Efficient Enzyme Usage. Nat Chem Biol 2016, 12 (7), 482�489. https://doi.org/10.1038/nchembio.2077."
31,E.coli,Glucoseamine-6-P,2,,1.15,"Park, J. O.; Rubin, S. A.; Xu, Y.-F.; Amador-Noguez, D.; Fan, J.; Shlomi, T.; Rabinowitz, J. D. Metabolite Concentrations, Fluxes and Free Energies Imply Efficient Enzyme Usage. Nat Chem Biol 2016, 12 (7), 482�489. https://doi.org/10.1038/nchembio.2077."
32,E.coli,L-Serine,2,,1.13,"Park, J. O.; Rubin, S. A.; Xu, Y.-F.; Amador-Noguez, D.; Fan, J.; Shlomi, T.; Rabinowitz, J. D. Metabolite Concentrations, Fluxes and Free Energies Imply Efficient Enzyme Usage. Nat Chem Biol 2016, 12 (7), 482�489. https://doi.org/10.1038/nchembio.2077."
33,E.coli,acetylphosphate,2,,1.07,"Park, J. O.; Rubin, S. A.; Xu, Y.-F.; Amador-Noguez, D.; Fan, J.; Shlomi, T.; Rabinowitz, J. D. Metabolite Concentrations, Fluxes and Free Energies Imply Efficient Enzyme Usage. Nat Chem Biol 2016, 12 (7), 482�489. https://doi.org/10.1038/nchembio.2077."
34,E.coli,Gluconolactone,2,,1.04,"Park, J. O.; Rubin, S. A.; Xu, Y.-F.; Amador-Noguez, D.; Fan, J.; Shlomi, T.; Rabinowitz, J. D. Metabolite Concentrations, Fluxes and Free Energies Imply Efficient Enzyme Usage. Nat Chem Biol 2016, 12 (7), 482�489. https://doi.org/10.1038/nchembio.2077."
35,E.coli,sedoheptulose-7-phosphate,2,,0.882,"Park, J. O.; Rubin, S. A.; Xu, Y.-F.; Amador-Noguez, D.; Fan, J.; Shlomi, T.; Rabinowitz, J. D. Metabolite Concentrations, Fluxes and Free Energies Imply Efficient Enzyme Usage. Nat Chem Biol 2016, 12 (7), 482�489. https://doi.org/10.1038/nchembio.2077."
36,E.coli,Rib-5-P,2,,0.787,"Park, J. O.; Rubin, S. A.; Xu, Y.-F.; Amador-Noguez, D.; Fan, J.; Shlomi, T.; Rabinowitz, J. D. Metabolite Concentrations, Fluxes and Free Energies Imply Efficient Enzyme Usage. Nat Chem Biol 2016, 12 (7), 482�489. https://doi.org/10.1038/nchembio.2077."
37,E.coli,GDP,2,,0.676,"Park, J. O.; Rubin, S. A.; Xu, Y.-F.; Amador-Noguez, D.; Fan, J.; Shlomi, T.; Rabinowitz, J. D. Metabolite Concentrations, Fluxes and Free Energies Imply Efficient Enzyme Usage. Nat Chem Biol 2016, 12 (7), 482�489. https://doi.org/10.1038/nchembio.2077."
38,E.coli,acetyl-CoA,2,,0.606,"Park, J. O.; Rubin, S. A.; Xu, Y.-F.; Amador-Noguez, D.; Fan, J.; Shlomi, T.; Rabinowitz, J. D. Metabolite Concentrations, Fluxes and Free Energies Imply Efficient Enzyme Usage. Nat Chem Biol 2016, 12 (7), 482�489. https://doi.org/10.1038/nchembio.2077."
39,E.coli,carb-aspartate,2,,0.59,"Park, J. O.; Rubin, S. A.; Xu, Y.-F.; Amador-Noguez, D.; Fan, J.; Shlomi, T.; Rabinowitz, J. D. Metabolite Concentrations, Fluxes and Free Energies Imply Efficient Enzyme Usage. Nat Chem Biol 2016, 12 (7), 482�489. https://doi.org/10.1038/nchembio.2077."
40,E.coli,L-Arginine,2,,0.569,"Park, J. O.; Rubin, S. A.; Xu, Y.-F.; Amador-Noguez, D.; Fan, J.; Shlomi, T.; Rabinowitz, J. D. Metabolite Concentrations, Fluxes and Free Energies Imply Efficient Enzyme Usage. Nat Chem Biol 2016, 12 (7), 482�489. https://doi.org/10.1038/nchembio.2077."
41,E.coli,Succinic acid,2,,0.569,"Park, J. O.; Rubin, S. A.; Xu, Y.-F.; Amador-Noguez, D.; Fan, J.; Shlomi, T.; Rabinowitz, J. D. Metabolite Concentrations, Fluxes and Free Energies Imply Efficient Enzyme Usage. Nat Chem Biol 2016, 12 (7), 482�489. https://doi.org/10.1038/nchembio.2077."
42,E.coli,UDP-glucuronate,2,,0.566,"Park, J. O.; Rubin, S. A.; Xu, Y.-F.; Amador-Noguez, D.; Fan, J.; Shlomi, T.; Rabinowitz, J. D. Metabolite Concentrations, Fluxes and Free Energies Imply Efficient Enzyme Usage. Nat Chem Biol 2016, 12 (7), 482�489. https://doi.org/10.1038/nchembio.2077."
43,E.coli,ADP,2,,0.555,"Park, J. O.; Rubin, S. A.; Xu, Y.-F.; Amador-Noguez, D.; Fan, J.; Shlomi, T.; Rabinowitz, J. D. Metabolite Concentrations, Fluxes and Free Energies Imply Efficient Enzyme Usage. Nat Chem Biol 2016, 12 (7), 482�489. https://doi.org/10.1038/nchembio.2077."
44,E.coli,L-Asparagine,2,,0.511,"Park, J. O.; Rubin, S. A.; Xu, Y.-F.; Amador-Noguez, D.; Fan, J.; Shlomi, T.; Rabinowitz, J. D. Metabolite Concentrations, Fluxes and Free Energies Imply Efficient Enzyme Usage. Nat Chem Biol 2016, 12 (7), 482�489. https://doi.org/10.1038/nchembio.2077."
45,E.coli,a-ketoglutarate,2,,0.443,"Park, J. O.; Rubin, S. A.; Xu, Y.-F.; Amador-Noguez, D.; Fan, J.; Shlomi, T.; Rabinowitz, J. D. Metabolite Concentrations, Fluxes and Free Energies Imply Efficient Enzyme Usage. Nat Chem Biol 2016, 12 (7), 482�489. https://doi.org/10.1038/nchembio.2077."
46,E.coli,L-Lysine,2,,0.405,"Park, J. O.; Rubin, S. A.; Xu, Y.-F.; Amador-Noguez, D.; Fan, J.; Shlomi, T.; Rabinowitz, J. D. Metabolite Concentrations, Fluxes and Free Energies Imply Efficient Enzyme Usage. Nat Chem Biol 2016, 12 (7), 482�489. https://doi.org/10.1038/nchembio.2077."
47,E.coli,L-Proline,2,,0.385,"Park, J. O.; Rubin, S. A.; Xu, Y.-F.; Amador-Noguez, D.; Fan, J.; Shlomi, T.; Rabinowitz, J. D. Metabolite Concentrations, Fluxes and Free Energies Imply Efficient Enzyme Usage. Nat Chem Biol 2016, 12 (7), 482�489. https://doi.org/10.1038/nchembio.2077."
48,E.coli,dTDP,2,,0.378,"Park, J. O.; Rubin, S. A.; Xu, Y.-F.; Amador-Noguez, D.; Fan, J.; Shlomi, T.; Rabinowitz, J. D. Metabolite Concentrations, Fluxes and Free Energies Imply Efficient Enzyme Usage. Nat Chem Biol 2016, 12 (7), 482�489. https://doi.org/10.1038/nchembio.2077."
49,E.coli,Homocysteine,2,,0.37,"Park, J. O.; Rubin, S. A.; Xu, Y.-F.; Amador-Noguez, D.; Fan, J.; Shlomi, T.; Rabinowitz, J. D. Metabolite Concentrations, Fluxes and Free Energies Imply Efficient Enzyme Usage. Nat Chem Biol 2016, 12 (7), 482�489. https://doi.org/10.1038/nchembio.2077."
50,E.coli,CMP,2,,0.36,"Park, J. O.; Rubin, S. A.; Xu, Y.-F.; Amador-Noguez, D.; Fan, J.; Shlomi, T.; Rabinowitz, J. D. Metabolite Concentrations, Fluxes and Free Energies Imply Efficient Enzyme Usage. Nat Chem Biol 2016, 12 (7), 482�489. https://doi.org/10.1038/nchembio.2077."
51,E.coli,deoxyrib-5-P,2,,0.303,"Park, J. O.; Rubin, S. A.; Xu, Y.-F.; Amador-Noguez, D.; Fan, J.; Shlomi, T.; Rabinowitz, J. D. Metabolite Concentrations, Fluxes and Free Energies Imply Efficient Enzyme Usage. Nat Chem Biol 2016, 12 (7), 482�489. https://doi.org/10.1038/nchembio.2077."
52,E.coli,Fumarate,2,,0.288,"Park, J. O.; Rubin, S. A.; Xu, Y.-F.; Amador-Noguez, D.; Fan, J.; Shlomi, T.; Rabinowitz, J. D. Metabolite Concentrations, Fluxes and Free Energies Imply Efficient Enzyme Usage. Nat Chem Biol 2016, 12 (7), 482�489. https://doi.org/10.1038/nchembio.2077."
53,E.coli,AMP,2,,0.281,"Park, J. O.; Rubin, S. A.; Xu, Y.-F.; Amador-Noguez, D.; Fan, J.; Shlomi, T.; Rabinowitz, J. D. Metabolite Concentrations, Fluxes and Free Energies Imply Efficient Enzyme Usage. Nat Chem Biol 2016, 12 (7), 482�489. https://doi.org/10.1038/nchembio.2077."
54,E.coli,IMP,2,,0.272,"Park, J. O.; Rubin, S. A.; Xu, Y.-F.; Amador-Noguez, D.; Fan, J.; Shlomi, T.; Rabinowitz, J. D. Metabolite Concentrations, Fluxes and Free Energies Imply Efficient Enzyme Usage. Nat Chem Biol 2016, 12 (7), 482�489. https://doi.org/10.1038/nchembio.2077."
55,E.coli,glyceraldehyde-3-P,2,,0.271,"Park, J. O.; Rubin, S. A.; Xu, Y.-F.; Amador-Noguez, D.; Fan, J.; Shlomi, T.; Rabinowitz, J. D. Metabolite Concentrations, Fluxes and Free Energies Imply Efficient Enzyme Usage. Nat Chem Biol 2016, 12 (7), 482�489. https://doi.org/10.1038/nchembio.2077."
56,E.coli,pRpp,2,,0.258,"Park, J. O.; Rubin, S. A.; Xu, Y.-F.; Amador-Noguez, D.; Fan, J.; Shlomi, T.; Rabinowitz, J. D. Metabolite Concentrations, Fluxes and Free Energies Imply Efficient Enzyme Usage. Nat Chem Biol 2016, 12 (7), 482�489. https://doi.org/10.1038/nchembio.2077."
57,E.coli,succinyl-CoA,2,,0.233,"Park, J. O.; Rubin, S. A.; Xu, Y.-F.; Amador-Noguez, D.; Fan, J.; Shlomi, T.; Rabinowitz, J. D. Metabolite Concentrations, Fluxes and Free Energies Imply Efficient Enzyme Usage. Nat Chem Biol 2016, 12 (7), 482�489. https://doi.org/10.1038/nchembio.2077."
58,E.coli,ITP,2,,0.205,"Park, J. O.; Rubin, S. A.; Xu, Y.-F.; Amador-Noguez, D.; Fan, J.; Shlomi, T.; Rabinowitz, J. D. Metabolite Concentrations, Fluxes and Free Energies Imply Efficient Enzyme Usage. Nat Chem Biol 2016, 12 (7), 482�489. https://doi.org/10.1038/nchembio.2077."
59,E.coli,Guanine,2,,0.188,"Park, J. O.; Rubin, S. A.; Xu, Y.-F.; Amador-Noguez, D.; Fan, J.; Shlomi, T.; Rabinowitz, J. D. Metabolite Concentrations, Fluxes and Free Energies Imply Efficient Enzyme Usage. Nat Chem Biol 2016, 12 (7), 482�489. https://doi.org/10.1038/nchembio.2077."
60,E.coli,P-enolpyruvate,2,,0.184,"Park, J. O.; Rubin, S. A.; Xu, Y.-F.; Amador-Noguez, D.; Fan, J.; Shlomi, T.; Rabinowitz, J. D. Metabolite Concentrations, Fluxes and Free Energies Imply Efficient Enzyme Usage. Nat Chem Biol 2016, 12 (7), 482�489. https://doi.org/10.1038/nchembio.2077."
61,E.coli,S-adenosyl-L-methionine,2,,0.184,"Park, J. O.; Rubin, S. A.; Xu, Y.-F.; Amador-Noguez, D.; Fan, J.; Shlomi, T.; Rabinowitz, J. D. Metabolite Concentrations, Fluxes and Free Energies Imply Efficient Enzyme Usage. Nat Chem Biol 2016, 12 (7), 482�489. https://doi.org/10.1038/nchembio.2077."
62,E.coli,xylulose-5-phosphate,2,,0.181,"Park, J. O.; Rubin, S. A.; Xu, Y.-F.; Amador-Noguez, D.; Fan, J.; Shlomi, T.; Rabinowitz, J. D. Metabolite Concentrations, Fluxes and Free Energies Imply Efficient Enzyme Usage. Nat Chem Biol 2016, 12 (7), 482�489. https://doi.org/10.1038/nchembio.2077."
63,E.coli,FAD,2,,0.173,"Park, J. O.; Rubin, S. A.; Xu, Y.-F.; Amador-Noguez, D.; Fan, J.; Shlomi, T.; Rabinowitz, J. D. Metabolite Concentrations, Fluxes and Free Energies Imply Efficient Enzyme Usage. Nat Chem Biol 2016, 12 (7), 482�489. https://doi.org/10.1038/nchembio.2077."
64,E.coli,L-Isoleucine,2,,0.152,"Park, J. O.; Rubin, S. A.; Xu, Y.-F.; Amador-Noguez, D.; Fan, J.; Shlomi, T.; Rabinowitz, J. D. Metabolite Concentrations, Fluxes and Free Energies Imply Efficient Enzyme Usage. Nat Chem Biol 2016, 12 (7), 482�489. https://doi.org/10.1038/nchembio.2077."
65,E.coli,L-Leucine,2,,0.152,"Park, J. O.; Rubin, S. A.; Xu, Y.-F.; Amador-Noguez, D.; Fan, J.; Shlomi, T.; Rabinowitz, J. D. Metabolite Concentrations, Fluxes and Free Energies Imply Efficient Enzyme Usage. Nat Chem Biol 2016, 12 (7), 482�489. https://doi.org/10.1038/nchembio.2077."
66,E.coli,L-Methionine,2,,0.145,"Park, J. O.; Rubin, S. A.; Xu, Y.-F.; Amador-Noguez, D.; Fan, J.; Shlomi, T.; Rabinowitz, J. D. Metabolite Concentrations, Fluxes and Free Energies Imply Efficient Enzyme Usage. Nat Chem Biol 2016, 12 (7), 482�489. https://doi.org/10.1038/nchembio.2077."
67,E.coli,"2,3-dihydroxybenzoic acid",2,,0.138,"Park, J. O.; Rubin, S. A.; Xu, Y.-F.; Amador-Noguez, D.; Fan, J.; Shlomi, T.; Rabinowitz, J. D. Metabolite Concentrations, Fluxes and Free Energies Imply Efficient Enzyme Usage. Nat Chem Biol 2016, 12 (7), 482�489. https://doi.org/10.1038/nchembio.2077."
68,E.coli,NADPH,2,,0.121,"Park, J. O.; Rubin, S. A.; Xu, Y.-F.; Amador-Noguez, D.; Fan, J.; Shlomi, T.; Rabinowitz, J. D. Metabolite Concentrations, Fluxes and Free Energies Imply Efficient Enzyme Usage. Nat Chem Biol 2016, 12 (7), 482�489. https://doi.org/10.1038/nchembio.2077."
69,E.coli,Fumarate,2,,0.115,"Park, J. O.; Rubin, S. A.; Xu, Y.-F.; Amador-Noguez, D.; Fan, J.; Shlomi, T.; Rabinowitz, J. D. Metabolite Concentrations, Fluxes and Free Energies Imply Efficient Enzyme Usage. Nat Chem Biol 2016, 12 (7), 482�489. https://doi.org/10.1038/nchembio.2077."
70,E.coli,ribulose-5-P,2,,0.112,"Park, J. O.; Rubin, S. A.; Xu, Y.-F.; Amador-Noguez, D.; Fan, J.; Shlomi, T.; Rabinowitz, J. D. Metabolite Concentrations, Fluxes and Free Energies Imply Efficient Enzyme Usage. Nat Chem Biol 2016, 12 (7), 482�489. https://doi.org/10.1038/nchembio.2077."
71,E.coli,D-dgluconic acid,2,,0.0918,"Park, J. O.; Rubin, S. A.; Xu, Y.-F.; Amador-Noguez, D.; Fan, J.; Shlomi, T.; Rabinowitz, J. D. Metabolite Concentrations, Fluxes and Free Energies Imply Efficient Enzyme Usage. Nat Chem Biol 2016, 12 (7), 482�489. https://doi.org/10.1038/nchembio.2077."
72,E.coli,Phenylpyruvic acid,2,,0.0898,"Park, J. O.; Rubin, S. A.; Xu, Y.-F.; Amador-Noguez, D.; Fan, J.; Shlomi, T.; Rabinowitz, J. D. Metabolite Concentrations, Fluxes and Free Energies Imply Efficient Enzyme Usage. Nat Chem Biol 2016, 12 (7), 482�489. https://doi.org/10.1038/nchembio.2077."
73,E.coli,NADH,2,,0.0836,"Park, J. O.; Rubin, S. A.; Xu, Y.-F.; Amador-Noguez, D.; Fan, J.; Shlomi, T.; Rabinowitz, J. D. Metabolite Concentrations, Fluxes and Free Energies Imply Efficient Enzyme Usage. Nat Chem Biol 2016, 12 (7), 482�489. https://doi.org/10.1038/nchembio.2077."
74,E.coli,"2,3-P-glycerate",2,,0.0829,"Park, J. O.; Rubin, S. A.; Xu, Y.-F.; Amador-Noguez, D.; Fan, J.; Shlomi, T.; Rabinowitz, J. D. Metabolite Concentrations, Fluxes and Free Energies Imply Efficient Enzyme Usage. Nat Chem Biol 2016, 12 (7), 482�489. https://doi.org/10.1038/nchembio.2077."
75,E.coli,"N-ACN-glucosamine-1,6-P",2,,0.0819,"Park, J. O.; Rubin, S. A.; Xu, Y.-F.; Amador-Noguez, D.; Fan, J.; Shlomi, T.; Rabinowitz, J. D. Metabolite Concentrations, Fluxes and Free Energies Imply Efficient Enzyme Usage. Nat Chem Biol 2016, 12 (7), 482�489. https://doi.org/10.1038/nchembio.2077."
76,E.coli,L-Histidine,2,,0.0676,"Park, J. O.; Rubin, S. A.; Xu, Y.-F.; Amador-Noguez, D.; Fan, J.; Shlomi, T.; Rabinowitz, J. D. Metabolite Concentrations, Fluxes and Free Energies Imply Efficient Enzyme Usage. Nat Chem Biol 2016, 12 (7), 482�489. https://doi.org/10.1038/nchembio.2077."
77,E.coli,Flavin,2,,0.0537,"Park, J. O.; Rubin, S. A.; Xu, Y.-F.; Amador-Noguez, D.; Fan, J.; Shlomi, T.; Rabinowitz, J. D. Metabolite Concentrations, Fluxes and Free Energies Imply Efficient Enzyme Usage. Nat Chem Biol 2016, 12 (7), 482�489. https://doi.org/10.1038/nchembio.2077."
78,E.coli,4-OH-benzoate,2,,0.0522,"Park, J. O.; Rubin, S. A.; Xu, Y.-F.; Amador-Noguez, D.; Fan, J.; Shlomi, T.; Rabinowitz, J. D. Metabolite Concentrations, Fluxes and Free Energies Imply Efficient Enzyme Usage. Nat Chem Biol 2016, 12 (7), 482�489. https://doi.org/10.1038/nchembio.2077."
79,E.coli,dGMP,2,,0.0507,"Park, J. O.; Rubin, S. A.; Xu, Y.-F.; Amador-Noguez, D.; Fan, J.; Shlomi, T.; Rabinowitz, J. D. Metabolite Concentrations, Fluxes and Free Energies Imply Efficient Enzyme Usage. Nat Chem Biol 2016, 12 (7), 482�489. https://doi.org/10.1038/nchembio.2077."
80,E.coli,erythrose-P,2,,0.049,"Park, J. O.; Rubin, S. A.; Xu, Y.-F.; Amador-Noguez, D.; Fan, J.; Shlomi, T.; Rabinowitz, J. D. Metabolite Concentrations, Fluxes and Free Energies Imply Efficient Enzyme Usage. Nat Chem Biol 2016, 12 (7), 482�489. https://doi.org/10.1038/nchembio.2077."
81,E.coli,Glycerol,2,,0.049,"Park, J. O.; Rubin, S. A.; Xu, Y.-F.; Amador-Noguez, D.; Fan, J.; Shlomi, T.; Rabinowitz, J. D. Metabolite Concentrations, Fluxes and Free Energies Imply Efficient Enzyme Usage. Nat Chem Biol 2016, 12 (7), 482�489. https://doi.org/10.1038/nchembio.2077."
82,E.coli,N-ACN-ornithine,2,,0.0433,"Park, J. O.; Rubin, S. A.; Xu, Y.-F.; Amador-Noguez, D.; Fan, J.; Shlomi, T.; Rabinowitz, J. D. Metabolite Concentrations, Fluxes and Free Energies Imply Efficient Enzyme Usage. Nat Chem Biol 2016, 12 (7), 482�489. https://doi.org/10.1038/nchembio.2077."
83,E.coli,Gluconic acid,2,,0.0416,"Park, J. O.; Rubin, S. A.; Xu, Y.-F.; Amador-Noguez, D.; Fan, J.; Shlomi, T.; Rabinowitz, J. D. Metabolite Concentrations, Fluxes and Free Energies Imply Efficient Enzyme Usage. Nat Chem Biol 2016, 12 (7), 482�489. https://doi.org/10.1038/nchembio.2077."
84,E.coli,Isocitrate,2,,0.0367,"Park, J. O.; Rubin, S. A.; Xu, Y.-F.; Amador-Noguez, D.; Fan, J.; Shlomi, T.; Rabinowitz, J. D. Metabolite Concentrations, Fluxes and Free Energies Imply Efficient Enzyme Usage. Nat Chem Biol 2016, 12 (7), 482�489. https://doi.org/10.1038/nchembio.2077."
85,E.coli,malonyl-CoA,2,,0.0354,"Park, J. O.; Rubin, S. A.; Xu, Y.-F.; Amador-Noguez, D.; Fan, J.; Shlomi, T.; Rabinowitz, J. D. Metabolite Concentrations, Fluxes and Free Energies Imply Efficient Enzyme Usage. Nat Chem Biol 2016, 12 (7), 482�489. https://doi.org/10.1038/nchembio.2077."
86,E.coli,cyclic-AMP,2,,0.0352,"Park, J. O.; Rubin, S. A.; Xu, Y.-F.; Amador-Noguez, D.; Fan, J.; Shlomi, T.; Rabinowitz, J. D. Metabolite Concentrations, Fluxes and Free Energies Imply Efficient Enzyme Usage. Nat Chem Biol 2016, 12 (7), 482�489. https://doi.org/10.1038/nchembio.2077."
87,E.coli,dCTP,2,,0.0345,"Park, J. O.; Rubin, S. A.; Xu, Y.-F.; Amador-Noguez, D.; Fan, J.; Shlomi, T.; Rabinowitz, J. D. Metabolite Concentrations, Fluxes and Free Energies Imply Efficient Enzyme Usage. Nat Chem Biol 2016, 12 (7), 482�489. https://doi.org/10.1038/nchembio.2077."
88,E.coli,L-Tyrosine,2,,0.0289,"Park, J. O.; Rubin, S. A.; Xu, Y.-F.; Amador-Noguez, D.; Fan, J.; Shlomi, T.; Rabinowitz, J. D. Metabolite Concentrations, Fluxes and Free Energies Imply Efficient Enzyme Usage. Nat Chem Biol 2016, 12 (7), 482�489. https://doi.org/10.1038/nchembio.2077."
89,E.coli,IDP,2,,0.0238,"Park, J. O.; Rubin, S. A.; Xu, Y.-F.; Amador-Noguez, D.; Fan, J.; Shlomi, T.; Rabinowitz, J. D. Metabolite Concentrations, Fluxes and Free Energies Imply Efficient Enzyme Usage. Nat Chem Biol 2016, 12 (7), 482�489. https://doi.org/10.1038/nchembio.2077."
90,E.coli,GMP,2,,0.0237,"Park, J. O.; Rubin, S. A.; Xu, Y.-F.; Amador-Noguez, D.; Fan, J.; Shlomi, T.; Rabinowitz, J. D. Metabolite Concentrations, Fluxes and Free Energies Imply Efficient Enzyme Usage. Nat Chem Biol 2016, 12 (7), 482�489. https://doi.org/10.1038/nchembio.2077."
91,E.coli,acetoacetyl-CoA,2,,0.0218,"Park, J. O.; Rubin, S. A.; Xu, Y.-F.; Amador-Noguez, D.; Fan, J.; Shlomi, T.; Rabinowitz, J. D. Metabolite Concentrations, Fluxes and Free Energies Imply Efficient Enzyme Usage. Nat Chem Biol 2016, 12 (7), 482�489. https://doi.org/10.1038/nchembio.2077."
92,E.coli,riboflavin,2,,0.019,"Park, J. O.; Rubin, S. A.; Xu, Y.-F.; Amador-Noguez, D.; Fan, J.; Shlomi, T.; Rabinowitz, J. D. Metabolite Concentrations, Fluxes and Free Energies Imply Efficient Enzyme Usage. Nat Chem Biol 2016, 12 (7), 482�489. https://doi.org/10.1038/nchembio.2077."
93,E.coli,L-Phenylalanine,2,,0.0182,"Park, J. O.; Rubin, S. A.; Xu, Y.-F.; Amador-Noguez, D.; Fan, J.; Shlomi, T.; Rabinowitz, J. D. Metabolite Concentrations, Fluxes and Free Energies Imply Efficient Enzyme Usage. Nat Chem Biol 2016, 12 (7), 482�489. https://doi.org/10.1038/nchembio.2077."
94,E.coli,"1,3-P-glycerate",2,,0.0165,"Park, J. O.; Rubin, S. A.; Xu, Y.-F.; Amador-Noguez, D.; Fan, J.; Shlomi, T.; Rabinowitz, J. D. Metabolite Concentrations, Fluxes and Free Energies Imply Efficient Enzyme Usage. Nat Chem Biol 2016, 12 (7), 482�489. https://doi.org/10.1038/nchembio.2077."
95,E.coli,Aconitic acid,2,,0.0161,"Park, J. O.; Rubin, S. A.; Xu, Y.-F.; Amador-Noguez, D.; Fan, J.; Shlomi, T.; Rabinowitz, J. D. Metabolite Concentrations, Fluxes and Free Energies Imply Efficient Enzyme Usage. Nat Chem Biol 2016, 12 (7), 482�489. https://doi.org/10.1038/nchembio.2077."
96,E.coli,dATP,2,,0.0155,"Park, J. O.; Rubin, S. A.; Xu, Y.-F.; Amador-Noguez, D.; Fan, J.; Shlomi, T.; Rabinowitz, J. D. Metabolite Concentrations, Fluxes and Free Energies Imply Efficient Enzyme Usage. Nat Chem Biol 2016, 12 (7), 482�489. https://doi.org/10.1038/nchembio.2077."
97,E.coli,Cytosine,2,,0.0141,"Park, J. O.; Rubin, S. A.; Xu, Y.-F.; Amador-Noguez, D.; Fan, J.; Shlomi, T.; Rabinowitz, J. D. Metabolite Concentrations, Fluxes and Free Energies Imply Efficient Enzyme Usage. Nat Chem Biol 2016, 12 (7), 482�489. https://doi.org/10.1038/nchembio.2077."
98,E.coli,Shikimate,2,,0.0141,"Park, J. O.; Rubin, S. A.; Xu, Y.-F.; Amador-Noguez, D.; Fan, J.; Shlomi, T.; Rabinowitz, J. D. Metabolite Concentrations, Fluxes and Free Energies Imply Efficient Enzyme Usage. Nat Chem Biol 2016, 12 (7), 482�489. https://doi.org/10.1038/nchembio.2077."
99,E.coli,histidinol,2,,0.0128,"Park, J. O.; Rubin, S. A.; Xu, Y.-F.; Amador-Noguez, D.; Fan, J.; Shlomi, T.; Rabinowitz, J. D. Metabolite Concentrations, Fluxes and Free Energies Imply Efficient Enzyme Usage. Nat Chem Biol 2016, 12 (7), 482�489. https://doi.org/10.1038/nchembio.2077."
100,E.coli,L-Tryptophan,2,,0.0121,"Park, J. O.; Rubin, S. A.; Xu, Y.-F.; Amador-Noguez, D.; Fan, J.; Shlomi, T.; Rabinowitz, J. D. Metabolite Concentrations, Fluxes and Free Energies Imply Efficient Enzyme Usage. Nat Chem Biol 2016, 12 (7), 482�489. https://doi.org/10.1038/nchembio.2077."
101,E.coli,dihydro-orotate,2,,0.0119,"Park, J. O.; Rubin, S. A.; Xu, Y.-F.; Amador-Noguez, D.; Fan, J.; Shlomi, T.; Rabinowitz, J. D. Metabolite Concentrations, Fluxes and Free Energies Imply Efficient Enzyme Usage. Nat Chem Biol 2016, 12 (7), 482�489. https://doi.org/10.1038/nchembio.2077."
102,E.coli,Quinolinate,2,,0.0115,"Park, J. O.; Rubin, S. A.; Xu, Y.-F.; Amador-Noguez, D.; Fan, J.; Shlomi, T.; Rabinowitz, J. D. Metabolite Concentrations, Fluxes and Free Energies Imply Efficient Enzyme Usage. Nat Chem Biol 2016, 12 (7), 482�489. https://doi.org/10.1038/nchembio.2077."
103,E.coli,Ornithine,2,,0.0101,"Park, J. O.; Rubin, S. A.; Xu, Y.-F.; Amador-Noguez, D.; Fan, J.; Shlomi, T.; Rabinowitz, J. D. Metabolite Concentrations, Fluxes and Free Energies Imply Efficient Enzyme Usage. Nat Chem Biol 2016, 12 (7), 482�489. https://doi.org/10.1038/nchembio.2077."
104,E.coli,dAMP,2,,0.00884,"Park, J. O.; Rubin, S. A.; Xu, Y.-F.; Amador-Noguez, D.; Fan, J.; Shlomi, T.; Rabinowitz, J. D. Metabolite Concentrations, Fluxes and Free Energies Imply Efficient Enzyme Usage. Nat Chem Biol 2016, 12 (7), 482�489. https://doi.org/10.1038/nchembio.2077."
105,E.coli,AMPS,2,,0.00663,"Park, J. O.; Rubin, S. A.; Xu, Y.-F.; Amador-Noguez, D.; Fan, J.; Shlomi, T.; Rabinowitz, J. D. Metabolite Concentrations, Fluxes and Free Energies Imply Efficient Enzyme Usage. Nat Chem Biol 2016, 12 (7), 482�489. https://doi.org/10.1038/nchembio.2077."
106,E.coli,myo-inositol,2,,0.00572,"Park, J. O.; Rubin, S. A.; Xu, Y.-F.; Amador-Noguez, D.; Fan, J.; Shlomi, T.; Rabinowitz, J. D. Metabolite Concentrations, Fluxes and Free Energies Imply Efficient Enzyme Usage. Nat Chem Biol 2016, 12 (7), 482�489. https://doi.org/10.1038/nchembio.2077."
107,E.coli,propionyl-CoA,2,,0.00532,"Park, J. O.; Rubin, S. A.; Xu, Y.-F.; Amador-Noguez, D.; Fan, J.; Shlomi, T.; Rabinowitz, J. D. Metabolite Concentrations, Fluxes and Free Energies Imply Efficient Enzyme Usage. Nat Chem Biol 2016, 12 (7), 482�489. https://doi.org/10.1038/nchembio.2077."
108,E.coli,ADP-glucose,2,,0.00427,"Park, J. O.; Rubin, S. A.; Xu, Y.-F.; Amador-Noguez, D.; Fan, J.; Shlomi, T.; Rabinowitz, J. D. Metabolite Concentrations, Fluxes and Free Energies Imply Efficient Enzyme Usage. Nat Chem Biol 2016, 12 (7), 482�489. https://doi.org/10.1038/nchembio.2077."
109,E.coli,Anthranilate,2,,0.00348,"Park, J. O.; Rubin, S. A.; Xu, Y.-F.; Amador-Noguez, D.; Fan, J.; Shlomi, T.; Rabinowitz, J. D. Metabolite Concentrations, Fluxes and Free Energies Imply Efficient Enzyme Usage. Nat Chem Biol 2016, 12 (7), 482�489. https://doi.org/10.1038/nchembio.2077."
110,E.coli,deoxyadenosine,2,,0.00282,"Park, J. O.; Rubin, S. A.; Xu, Y.-F.; Amador-Noguez, D.; Fan, J.; Shlomi, T.; Rabinowitz, J. D. Metabolite Concentrations, Fluxes and Free Energies Imply Efficient Enzyme Usage. Nat Chem Biol 2016, 12 (7), 482�489. https://doi.org/10.1038/nchembio.2077."
111,E.coli,Cytidine,2,,0.00259,"Park, J. O.; Rubin, S. A.; Xu, Y.-F.; Amador-Noguez, D.; Fan, J.; Shlomi, T.; Rabinowitz, J. D. Metabolite Concentrations, Fluxes and Free Energies Imply Efficient Enzyme Usage. Nat Chem Biol 2016, 12 (7), 482�489. https://doi.org/10.1038/nchembio.2077."
112,E.coli,NADP,2,,0.00208,"Park, J. O.; Rubin, S. A.; Xu, Y.-F.; Amador-Noguez, D.; Fan, J.; Shlomi, T.; Rabinowitz, J. D. Metabolite Concentrations, Fluxes and Free Energies Imply Efficient Enzyme Usage. Nat Chem Biol 2016, 12 (7), 482�489. https://doi.org/10.1038/nchembio.2077."
113,E.coli,Guanosine,2,,0.00162,"Park, J. O.; Rubin, S. A.; Xu, Y.-F.; Amador-Noguez, D.; Fan, J.; Shlomi, T.; Rabinowitz, J. D. Metabolite Concentrations, Fluxes and Free Energies Imply Efficient Enzyme Usage. Nat Chem Biol 2016, 12 (7), 482�489. https://doi.org/10.1038/nchembio.2077."
114,E.coli,Adenine,2,,0.00147,"Park, J. O.; Rubin, S. A.; Xu, Y.-F.; Amador-Noguez, D.; Fan, J.; Shlomi, T.; Rabinowitz, J. D. Metabolite Concentrations, Fluxes and Free Energies Imply Efficient Enzyme Usage. Nat Chem Biol 2016, 12 (7), 482�489. https://doi.org/10.1038/nchembio.2077."
115,E.coli,deoxyguanosine,2,,0.000522,"Park, J. O.; Rubin, S. A.; Xu, Y.-F.; Amador-Noguez, D.; Fan, J.; Shlomi, T.; Rabinowitz, J. D. Metabolite Concentrations, Fluxes and Free Energies Imply Efficient Enzyme Usage. Nat Chem Biol 2016, 12 (7), 482�489. https://doi.org/10.1038/nchembio.2077."
116,E.coli,Oxaloacetate,2,,0.000487,"Park, J. O.; Rubin, S. A.; Xu, Y.-F.; Amador-Noguez, D.; Fan, J.; Shlomi, T.; Rabinowitz, J. D. Metabolite Concentrations, Fluxes and Free Energies Imply Efficient Enzyme Usage. Nat Chem Biol 2016, 12 (7), 482�489. https://doi.org/10.1038/nchembio.2077."
117,E.coli,Adenosine,2,,0.000131,"Park, J. O.; Rubin, S. A.; Xu, Y.-F.; Amador-Noguez, D.; Fan, J.; Shlomi, T.; Rabinowitz, J. D. Metabolite Concentrations, Fluxes and Free Energies Imply Efficient Enzyme Usage. Nat Chem Biol 2016, 12 (7), 482�489. https://doi.org/10.1038/nchembio.2077."
