Helix,AU.content,Condition,ddG.kcal.mol,Label,error
1: CGGAUGGC/ GCCAUCCG,25,2 mM free,,1,
1: CGGAUGGC/ GCCAUCCG,25,NTPCM,0.32,1,0.33
1: CGGAUGGC/ GCCAUCCG,25,WMCM,0.4,1,0.33
1: CGGAUGGC/ GCCAUCCG,25,Ecoli80,0.6,1,0.32
2: CGCAUCCU/ AGGAUGCG,38,2 mM free,,2,
2: CGCAUCCU/ AGGAUGCG,38,NTPCM,0.41,2,0.29
2: CGCAUCCU/ AGGAUGCG,38,WMCM,-0.4,2,0.3
2: CGCAUCCU/ AGGAUGCG,38,Ecoli80,1.12,2,0.28
3: CGUAUGUA/ UACAUACG,63,2 mM free,,3,
3: CGUAUGUA/ UACAUACG,63,NTPCM,0.55,3,0.22
3: CGUAUGUA/ UACAUACG,63,WMCM,0,3,0.23
3: CGUAUGUA/ UACAUACG,63,Ecoli80,0.44,3,0.23
4: CCAUAUCA/ UGAUAUGG,63,2 mM free,,4,
4: CCAUAUCA/ UGAUAUGG,63,NTPCM,0.52,4,0.52
4: CCAUAUCA/ UGAUAUGG,63,WMCM,0.12,4,0.25
4: CCAUAUCA/ UGAUAUGG,63,Ecoli80,0.64,4,0.25
5:CCAUAUUA/ UAAUAUGG,75,2 mM free,,5,
5:CCAUAUUA/ UAAUAUGG,75,NTPCM,0.6,5,0.22
5:CCAUAUUA/ UAAUAUGG,75,WMCM,0.82,5,0.22
5:CCAUAUUA/ UAAUAUGG,75,Ecoli80,0.61,5,0.22
